"name","notch","supername","package","side"
"RecipesArmor","rp","","net/minecraft/src","0"
"BiomeGenHills","aei","BiomeGenBase","net/minecraft/src","0"
"ComponentVillage","aex","StructureComponent","net/minecraft/src","0"
"ModelSheep1","cx","ModelQuadruped","net/minecraft/src","0"
"Packet1Login","aaz","Packet","net/minecraft/src","0"
"GuiDownloadTerrain","ej","GuiScreen","net/minecraft/src","0"
"StatTypeTime","bc","","net/minecraft/src","0"
"IProgressUpdate","qe","","net/minecraft/src","0"
"EntityDragonBase","afx","EntityLiving","net/minecraft/src","0"
"InventoryCraftResult","agt","","net/minecraft/src","0"
"SaveOldDir","aag","SaveHandler","net/minecraft/src","0"
"ItemHoe","hd","Item","net/minecraft/src","0"
"EntityFX","qb","Entity","net/minecraft/src","0"
"Packet54PlayNoteBlock","ot","Packet","net/minecraft/src","0"
"BlockNetherrack","qj","Block","net/minecraft/src","0"
"IBlockAccess","ahp","","net/minecraft/src","0"
"RenderManager","ael","","net/minecraft/src","0"
"EntityEnderman","if","EntityMob","net/minecraft/src","0"
"EntityAuraFX","vm","EntityFX","net/minecraft/src","0"
"BlockRedstoneRepeater","pi","Block","net/minecraft/src","0"
"ModelMinecart","aaq","ModelBase","net/minecraft/src","0"
"RenderDragon","ne","RenderLiving","net/minecraft/src","0"
"Packet2Handshake","ie","Packet","net/minecraft/src","0"
"RenderGlobal","j","","net/minecraft/src","0"
"J_JsonArrayNodeBuilder","ue","","net/minecraft/src","0"
"ItemRecord","aet","Item","net/minecraft/src","0"
"WorldGenFlowers","sd","WorldGenerator","net/minecraft/src","0"
"BlockTallGrass","ls","BlockFlower","net/minecraft/src","0"
"ComponentStrongholdCrossing","agc","ComponentStronghold","net/minecraft/src","0"
"ModelBoat","up","ModelBase","net/minecraft/src","0"
"ModelChest","adu","ModelBase","net/minecraft/src","0"
"ThreadedFileIOBase","bs","","net/minecraft/src","0"
"EntityFlying","agw","EntityLiving","net/minecraft/src","0"
"EnumCreatureAttribute","bb","","net/minecraft/src","0"
"EffectRenderer","ck","","net/minecraft/src","0"
"RegionFileChunkBuffer","wz","","net/minecraft/src","0"
"SoundPool","wt","","net/minecraft/src","0"
"GuiSlotStatsBlock","eb","GuiSlotStats","net/minecraft/src","0"
"NetworkReaderThread","pt","","net/minecraft/src","0"
"GuiConflictWarning","acs","GuiScreen","net/minecraft/src","0"
"MaterialPortal","abs","Material","net/minecraft/src","0"
"Packet106Transaction","jl","Packet","net/minecraft/src","0"
"MovingObjectPosition","nx","","net/minecraft/src","0"
"EntitySpellParticleFX","ok","EntityFX","net/minecraft/src","0"
"BlockTNT","z","Block","net/minecraft/src","0"
"Material","zo","","net/minecraft/src","0"
"ComponentNetherBridgeStraight","cn","ComponentNetherBridgePiece","net/minecraft/src","0"
"BlockStationary","aax","BlockFluid","net/minecraft/src","0"
"ChunkPosition","oz","","net/minecraft/src","0"
"BlockLeavesBase","jd","Block","net/minecraft/src","0"
"NextTickListEntry","lg","","net/minecraft/src","0"
"J_SajParser","aj","","net/minecraft/src","0"
"InventoryCrafting","aad","","net/minecraft/src","0"
"ComponentStrongholdRightTurn","jq","ComponentStrongholdLeftTurn","net/minecraft/src","0"
"EntityPigZombie","ahy","EntityZombie","net/minecraft/src","0"
"Gui","nb","","net/minecraft/src","0"
"GenLayerSnow","rv","GenLayer","net/minecraft/src","0"
"EntityFootStepFX","vx","EntityFX","net/minecraft/src","0"
"FontRenderer","mb","","net/minecraft/src","0"
"GuiSlider","agi","GuiButton","net/minecraft/src","0"
"RenderItem","sa","Render","net/minecraft/src","0"
"ItemStack","xs","","net/minecraft/src","0"
"ItemPotion","du","Item","net/minecraft/src","0"
"Packet31RelEntityMove","mj","Packet30Entity","net/minecraft/src","0"
"RenderGiantZombie","aid","RenderLiving","net/minecraft/src","0"
"SaveFormatOld","aer","","net/minecraft/src","0"
"EntityClientPlayerMP","aem","EntityPlayerSP","net/minecraft/src","0"
"MaterialWeb","yh","Material","net/minecraft/src","0"
"EntityPortalFX","abl","EntityFX","net/minecraft/src","0"
"BlockFence","yk","Block","net/minecraft/src","0"
"KeyBinding","acp","","net/minecraft/src","0"
"MapGenStructure","adm","MapGenBase","net/minecraft/src","0"
"BlockLeaves","sh","BlockLeavesBase","net/minecraft/src","0"
"BlockNote","acl","BlockContainer","net/minecraft/src","0"
"BlockLockedChest","yz","Block","net/minecraft/src","0"
"BiomeGenDesert","aef","BiomeGenBase","net/minecraft/src","0"
"StructureVillagePieceWeight","dh","","net/minecraft/src","0"
"EnchantmentDigging","ts","Enchantment","net/minecraft/src","0"
"StatsSyncher","tb","","net/minecraft/src","0"
"EnumDoorHelper","ak","","net/minecraft/src","0"
"EntityFallingSand","yj","Entity","net/minecraft/src","0"
"ChunkFilePattern","adp","","net/minecraft/src","0"
"J_LeafFunctor","at","","net/minecraft/src","0"
"ItemEnderEye","oa","Item","net/minecraft/src","0"
"ModelEnderman","sg","ModelBiped","net/minecraft/src","0"
"Packet28EntityVelocity","vu","Packet","net/minecraft/src","0"
"ComponentVillagePathGen","aeu","ComponentVillageRoadPiece","net/minecraft/src","0"
"MapGenStronghold","ve","MapGenStructure","net/minecraft/src","0"
"J_JsonTrueNodeBuilder","afa","","net/minecraft/src","0"
"WorldGenDeadBush","za","WorldGenerator","net/minecraft/src","0"
"ISaveHandler","agy","","net/minecraft/src","0"
"BlockFenceGate","afr","Block","net/minecraft/src","0"
"Packet130UpdateSign","afj","Packet","net/minecraft/src","0"
"RenderSlime","ic","RenderLiving","net/minecraft/src","0"
"WorldProviderEnd","hj","WorldProvider","net/minecraft/src","0"
"RenderArrow","hu","Render","net/minecraft/src","0"
"ComponentNetherBridgeCrossing3","kv","ComponentNetherBridgePiece","net/minecraft/src","0"
"ItemPainting","aif","Item","net/minecraft/src","0"
"CodecMus","xh","","net/minecraft/src","0"
"GuiChest","ws","GuiContainer","net/minecraft/src","0"
"MinecraftError","qc","","net/minecraft/src","0"
"EnchantmentKnockback","kn","Enchantment","net/minecraft/src","0"
"EntitySlimeFX","jz","EntityFX","net/minecraft/src","0"
"WorldGenDungeons","de","WorldGenerator","net/minecraft/src","0"
"ItemRenderer","li","","net/minecraft/src","0"
"WorldGenSand","ed","WorldGenerator","net/minecraft/src","0"
"SoundPoolEntry","se","","net/minecraft/src","0"
"RenderLiving","en","Render","net/minecraft/src","0"
"BlockCactus","abm","Block","net/minecraft/src","0"
"PacketCount","agq","","net/minecraft/src","0"
"EntityPlayer","wd","EntityLiving","net/minecraft/src","0"
"BiomeGenBase","yq","","net/minecraft/src","0"
"MaterialLiquid","adw","Material","net/minecraft/src","0"
"SaveConverterMcRegion","ex","SaveFormatOld","net/minecraft/src","0"
"PlayerControllerSP","abn","PlayerController","net/minecraft/src","0"
"Packet12PlayerLook","oc","Packet10Flying","net/minecraft/src","0"
"ThreadCloseConnection","ps","","net/minecraft/src","0"
"ContainerEnchantment","fr","Container","net/minecraft/src","0"
"LoadingScreenRenderer","ib","","net/minecraft/src","0"
"Packet6SpawnPosition","adg","Packet","net/minecraft/src","0"
"BlockBreakable","gd","Block","net/minecraft/src","0"
"TextureWaterFlowFX","abh","TextureFX","net/minecraft/src","0"
"ComponentNetherBridgeNetherBrickRoom","uo","ComponentNetherBridgePiece","net/minecraft/src","0"
"BiomeGenSnow","kk","BiomeGenBase","net/minecraft/src","0"
"IChunkProvider","bm","","net/minecraft/src","0"
"EntityCloudFX","afp","EntityFX","net/minecraft/src","0"
"TileEntityEndPortal","bj","TileEntity","net/minecraft/src","0"
"EntityXPOrb","bn","Entity","net/minecraft/src","0"
"ComponentStrongholdPortalRoom","zn","ComponentStronghold","net/minecraft/src","0"
"StructureBoundingBox","ou","","net/minecraft/src","0"
"BlockMushroom","aeo","BlockFlower","net/minecraft/src","0"
"EntityDragon","nd","EntityDragonBase","net/minecraft/src","0"
"ThreadCheckHasPaid","gr","","net/minecraft/src","0"
"WorldGenLakes","cf","WorldGenerator","net/minecraft/src","0"
"WorldRenderer","cg","","net/minecraft/src","0"
"WorldGenLiquids","px","WorldGenerator","net/minecraft/src","0"
"BlockObsidian","us","BlockStone","net/minecraft/src","0"
"ThreadStatSyncherReceive","of","","net/minecraft/src","0"
"SoundManager","qm","","net/minecraft/src","0"
"RenderPig","hw","RenderLiving","net/minecraft/src","0"
"EntitySuspendFX","ju","EntityFX","net/minecraft/src","0"
"J_JsonStringNodeBuilder","e","","net/minecraft/src","0"
"RenderList","mq","","net/minecraft/src","0"
"WorldGenTallGrass","rt","WorldGenerator","net/minecraft/src","0"
"Packet13PlayerLookMove","di","Packet10Flying","net/minecraft/src","0"
"ThreadDownloadImageData","da","","net/minecraft/src","0"
"ModelRenderer","pa","","net/minecraft/src","0"
"GuiSleepMP","vs","GuiChat","net/minecraft/src","0"
"StructureStrongholdPieceWeight3","al","StructureStrongholdPieceWeight","net/minecraft/src","0"
"BlockIce","iy","BlockBreakable","net/minecraft/src","0"
"TileEntityMobSpawner","bx","TileEntity","net/minecraft/src","0"
"Packet107CreativeSetSlot","cp","Packet","net/minecraft/src","0"
"RenderBlocks","ti","","net/minecraft/src","0"
"ComponentStrongholdStairs2","q","ComponentStrongholdStairs","net/minecraft/src","0"
"EntityWolf","vv","EntityAnimal","net/minecraft/src","0"
"ItemDoor","wx","Item","net/minecraft/src","0"
"TexturePackCustom","agd","TexturePackBase","net/minecraft/src","0"
"WorldInfo","ui","","net/minecraft/src","0"
"Packet","yv","","net/minecraft/src","0"
"CanvasMojangLogo","dy","","net/minecraft/src","0"
"EntitySnowball","sr","EntityThrowable","net/minecraft/src","0"
"ItemShears","ay","Item","net/minecraft/src","0"
"Entity","md","","net/minecraft/src","0"
"StructureNetherBridgePieceWeight","aeb","","net/minecraft/src","0"
"IChunkLoader","sc","","net/minecraft/src","0"
"J_JsonNodeFactories","jn","","net/minecraft/src","0"
"EntitySnowmanBase","agv","EntityCreature","net/minecraft/src","0"
"SorterStatsBlock","ack","","net/minecraft/src","0"
"BlockRedstoneOre","sl","Block","net/minecraft/src","0"
"StructureMineshaftPieces","fu","","net/minecraft/src","0"
"EnchantmentUntouching","zl","Enchantment","net/minecraft/src","0"
"J_JsonNodeDoesNotMatchPathElementsException","rs","J_JsonNodeDoesNotMatchJsonNodeSelectorException","net/minecraft/src","0"
"RenderBiped","rl","RenderLiving","net/minecraft/src","0"
"ServerNBTStorage","mp","","net/minecraft/src","0"
"NBTTagDouble","aed","NBTBase","net/minecraft/src","0"
"ScreenShotHelper","wn","","net/minecraft/src","0"
"GuiControls","nm","GuiScreen","net/minecraft/src","0"
"BlockDetectorRail","aca","BlockRail","net/minecraft/src","0"
"ChatAllowedCharacters","vb","","net/minecraft/src","0"
"AxisAlignedBB","um","","net/minecraft/src","0"
"WorldGenMinable","dt","WorldGenerator","net/minecraft/src","0"
"TexturedQuad","na","","net/minecraft/src","0"
"ItemBucketMilk","nq","Item","net/minecraft/src","0"
"GenLayerVillageLandscape","aep","GenLayer","net/minecraft/src","0"
"TileEntitySign","ql","TileEntity","net/minecraft/src","0"
"ComponentStrongholdLeftTurn","mu","ComponentStronghold","net/minecraft/src","0"
"BlockStone","dc","Block","net/minecraft/src","0"
"Packet100OpenWindow","fw","Packet","net/minecraft/src","0"
"ComponentNetherBridgeStairs","aao","ComponentNetherBridgePiece","net/minecraft/src","0"
"ComponentVillageWoodHut","ain","ComponentVillage","net/minecraft/src","0"
"TileEntityChestRenderer","agb","TileEntitySpecialRenderer","net/minecraft/src","0"
"Packet23VehicleSpawn","me","Packet","net/minecraft/src","0"
"PathPoint","d","","net/minecraft/src","0"
"ModelGhast","zp","ModelBase","net/minecraft/src","0"
"BiomeGenEnd","fg","BiomeGenBase","net/minecraft/src","0"
"ContainerCreative","nf","Container","net/minecraft/src","0"
"EntitySlime","afo","EntityLiving","net/minecraft/src","0"
"ModelBox","kl","","net/minecraft/src","0"
"Packet102WindowClick","adb","Packet","net/minecraft/src","0"
"ItemSoup","bf","ItemFood","net/minecraft/src","0"
"WorldGenSwamp","aw","WorldGenerator","net/minecraft/src","0"
"EntityEgg","oq","EntityThrowable","net/minecraft/src","0"
"RenderMinecart","aee","Render","net/minecraft/src","0"
"ModelMagmaCube","rf","ModelBase","net/minecraft/src","0"
"GuiOptions","br","GuiScreen","net/minecraft/src","0"
"Packet43Experience","hi","Packet","net/minecraft/src","0"
"GuiSlotServer","os","GuiSlot","net/minecraft/src","0"
"TextureLavaFlowFX","fk","TextureFX","net/minecraft/src","0"
"ColorizerFoliage","fz","","net/minecraft/src","0"
"EntityBubbleFX","tf","EntityFX","net/minecraft/src","0"
"GuiContainer","fi","GuiScreen","net/minecraft/src","0"
"Packet27Position","acw","Packet","net/minecraft/src","0"
"EnumDoor","lb","","net/minecraft/src","0"
"GenLayerMushroomIsland","gk","GenLayer","net/minecraft/src","0"
"EnumOptionsMappingHelper","vd","","net/minecraft/src","0"
"MaterialTransparent","ho","Material","net/minecraft/src","0"
"ISaveFormat","ja","","net/minecraft/src","0"
"GuiFurnace","jr","GuiContainer","net/minecraft/src","0"
"ComponentMineshaftCorridor","mo","StructureComponent","net/minecraft/src","0"
"TextureWatchFX","gu","TextureFX","net/minecraft/src","0"
"EntityItem","ey","Entity","net/minecraft/src","0"
"EntityPlayerSP","tn","EntityPlayer","net/minecraft/src","0"
"GenLayerRiverMix","agu","GenLayer","net/minecraft/src","0"
"NBTTagShort","nj","NBTBase","net/minecraft/src","0"
"EnumToolMaterial","sm","","net/minecraft/src","0"
"BlockCake","ni","Block","net/minecraft/src","0"
"ItemBoat","afv","Item","net/minecraft/src","0"
"BlockPressurePlate","sn","Block","net/minecraft/src","0"
"EntityRenderer","km","","net/minecraft/src","0"
"ClippingHelper","tv","","net/minecraft/src","0"
"SpawnListEntry","ax","WeightedRandomChoice","net/minecraft/src","0"
"EntitySkeleton","vf","EntityMob","net/minecraft/src","0"
"BlockFluid","ado","Block","net/minecraft/src","0"
"J_ThingWithPosition","df","","net/minecraft/src","0"
"EnchantmentProtection","ll","Enchantment","net/minecraft/src","0"
"PathEntity","tq","","net/minecraft/src","0"
"Render","so","","net/minecraft/src","0"
"BlockSoulSand","abb","Block","net/minecraft/src","0"
"MCHashEntry","pg","","net/minecraft/src","0"
"RenderSnowMan","aci","RenderLiving","net/minecraft/src","0"
"TileEntityPiston","nh","TileEntity","net/minecraft/src","0"
"BlockJukeBox","uz","BlockContainer","net/minecraft/src","0"
"StepSoundStone","af","StepSound","net/minecraft/src","0"
"ItemSlab","ul","ItemBlock","net/minecraft/src","0"
"ModelWolf","re","ModelBase","net/minecraft/src","0"
"GuiYesNo","ld","GuiScreen","net/minecraft/src","0"
"Packet42RemoveEntityEffect","aan","Packet","net/minecraft/src","0"
"ItemPiston","acy","ItemBlock","net/minecraft/src","0"
"Packet4UpdateTime","wm","Packet","net/minecraft/src","0"
"GuiAchievements","pw","GuiScreen","net/minecraft/src","0"
"EntityDamageSource","et","DamageSource","net/minecraft/src","0"
"EnumArt","ft","","net/minecraft/src","0"
"Packet29DestroyEntity","adr","Packet","net/minecraft/src","0"
"EnumSkyBlock","uc","","net/minecraft/src","0"
"TextureFX","rx","","net/minecraft/src","0"
"CompressedStreamTools","am","","net/minecraft/src","0"
"BiomeCacheBlock","afh","","net/minecraft/src","0"
"ThreadedChunkLoader","abq","","net/minecraft/src","0"
"EntitySpider","bp","EntityMob","net/minecraft/src","0"
"GuiSlotStats","fv","GuiSlot","net/minecraft/src","0"
"StructureVillageStart","vl","StructureStart","net/minecraft/src","0"
"EntityMinecart","aie","Entity","net/minecraft/src","0"
"ItemSnowball","ch","Item","net/minecraft/src","0"
"EntityAnimal","av","EntityCreature","net/minecraft/src","0"
"EntityPotion","ba","EntityThrowable","net/minecraft/src","0"
"IMob","uv","","net/minecraft/src","0"
"J_Functor","qn","","net/minecraft/src","0"
"ModelBiped","uw","ModelBase","net/minecraft/src","0"
"BlockDoor","ze","Block","net/minecraft/src","0"
"PlayerControllerTest","acb","PlayerController","net/minecraft/src","0"
"WatchableObject","zx","","net/minecraft/src","0"
"BlockCrops","iw","BlockFlower","net/minecraft/src","0"
"RecipesIngots","aeq","","net/minecraft/src","0"
"GuiSmallButton","u","GuiButton","net/minecraft/src","0"
"ModelDragon","aha","ModelBase","net/minecraft/src","0"
"MapDataBase","wp","","net/minecraft/src","0"
"StepSound","tg","","net/minecraft/src","0"
"ScaledResolution","acz","","net/minecraft/src","0"
"Packet7UseEntity","a","Packet","net/minecraft/src","0"
"RenderWolf","agr","RenderLiving","net/minecraft/src","0"
"GuiVideoSettings","ix","GuiScreen","net/minecraft/src","0"
"GuiSlotStatsItem","bk","GuiSlotStats","net/minecraft/src","0"
"EntityLavaFX","dp","EntityFX","net/minecraft/src","0"
"Session","ek","","net/minecraft/src","0"
"Packet105UpdateProgressbar","ik","Packet","net/minecraft/src","0"
"ItemVine","ahg","ItemBlock","net/minecraft/src","0"
"BiomeGenMushroomIsland","fq","BiomeGenBase","net/minecraft/src","0"
"ItemLog","ye","ItemBlock","net/minecraft/src","0"
"ModelBook","kg","ModelBase","net/minecraft/src","0"
"SlotCrafting","aip","Slot","net/minecraft/src","0"
"MapStorage","wh","","net/minecraft/src","0"
"J_JsonFieldNodeSelector","acu","J_LeafFunctor","net/minecraft/src","0"
"StructureStrongholdPieceWeight","adz","","net/minecraft/src","0"
"MusInputStream","aar","","net/minecraft/src","0"
"WorldGenFire","py","WorldGenerator","net/minecraft/src","0"
"BlockStep","aik","Block","net/minecraft/src","0"
"StatBasic","qf","StatBase","net/minecraft/src","0"
"BlockRedstoneWire","aea","Block","net/minecraft/src","0"
"BlockGrass","pj","Block","net/minecraft/src","0"
"Explosion","adc","","net/minecraft/src","0"
"OpenGlHelper","ec","","net/minecraft/src","0"
"GuiSlotStatsGeneral","mi","GuiSlot","net/minecraft/src","0"
"ComponentStrongholdPrison","abt","ComponentStronghold","net/minecraft/src","0"
"ItemEgg","aac","Item","net/minecraft/src","0"
"StructureVillagePieces","qh","","net/minecraft/src","0"
"BlockRail","abv","Block","net/minecraft/src","0"
"ComponentVillageChurch","abp","ComponentVillage","net/minecraft/src","0"
"ComponentNetherBridgeThrone","agk","ComponentNetherBridgePiece","net/minecraft/src","0"
"MapGenRavine","po","MapGenBase","net/minecraft/src","0"
"GuiEditSign","aia","GuiScreen","net/minecraft/src","0"
"BlockOre","ii","Block","net/minecraft/src","0"
"BiomeGenPlains","iv","BiomeGenBase","net/minecraft/src","0"
"GuiScreen","tm","Gui","net/minecraft/src","0"
"DataWatcher","afc","","net/minecraft/src","0"
"PotionHelper","gz","","net/minecraft/src","0"
"Packet20NamedEntitySpawn","hx","Packet","net/minecraft/src","0"
"SlotBrewingStandIngredient","tk","Slot","net/minecraft/src","0"
"ItemCoal","lt","Item","net/minecraft/src","0"
"MovementInputFromOptions","hk","MovementInput","net/minecraft/src","0"
"EntityEnderEye","sz","Entity","net/minecraft/src","0"
"Packet3Chat","abz","Packet","net/minecraft/src","0"
"TileEntityBrewingStand","aig","TileEntity","net/minecraft/src","0"
"GuiTexturePackSlot","cb","GuiSlot","net/minecraft/src","0"
"BlockMycelium","ahx","Block","net/minecraft/src","0"
"EntityGiantZombie","je","EntityMob","net/minecraft/src","0"
"CanvasMinecraftApplet","m","","net/minecraft/src","0"
"EnumOS2","abw","","net/minecraft/src","0"
"Packet38EntityStatus","fy","Packet","net/minecraft/src","0"
"ItemArmor","ow","Item","net/minecraft/src","0"
"EnumAction","xv","","net/minecraft/src","0"
"GuiParticle","ty","Gui","net/minecraft/src","0"
"ComponentStrongholdStairs","fj","ComponentStronghold","net/minecraft/src","0"
"GuiScreenServerList","zy","GuiScreen","net/minecraft/src","0"
"Packet33RelEntityMoveLook","ko","Packet30Entity","net/minecraft/src","0"
"TextureWaterFX","om","TextureFX","net/minecraft/src","0"
"AchievementMap","b","","net/minecraft/src","0"
"Potion","xi","","net/minecraft/src","0"
"ComponentVillageTorch","abr","ComponentVillage","net/minecraft/src","0"
"TextureOffset","rm","","net/minecraft/src","0"
"BlockSand","vw","Block","net/minecraft/src","0"
"StructureStrongholdStones","afw","StructurePieceBlockSelector","net/minecraft/src","0"
"WorldGenPumpkin","ahb","WorldGenerator","net/minecraft/src","0"
"NBTTagCompound","aav","NBTBase","net/minecraft/src","0"
"WorldGenGlowStone2","lz","WorldGenerator","net/minecraft/src","0"
"ModelSkeleton","hf","ModelZombie","net/minecraft/src","0"
"Packet41EntityEffect","tu","Packet","net/minecraft/src","0"
"ComponentMineshaftCross","iz","StructureComponent","net/minecraft/src","0"
"ICrafting","ud","","net/minecraft/src","0"
"GuiInventory","afd","GuiContainer","net/minecraft/src","0"
"ItemFishingRod","th","Item","net/minecraft/src","0"
"EntitySquid","ahs","EntityWaterMob","net/minecraft/src","0"
"BiomeGenForest","adf","BiomeGenBase","net/minecraft/src","0"
"EntityCaveSpider","ev","EntitySpider","net/minecraft/src","0"
"GuiSelectWorld","lq","GuiScreen","net/minecraft/src","0"
"GuiIngameMenu","jx","GuiScreen","net/minecraft/src","0"
"MapGenCavesHell","acd","MapGenBase","net/minecraft/src","0"
"ChunkProviderClient","np","","net/minecraft/src","0"
"NBTTagFloat","k","NBTBase","net/minecraft/src","0"
"PotionEffect","ahn","","net/minecraft/src","0"
"ComponentStrongholdStraight","jm","ComponentStronghold","net/minecraft/src","0"
"ComponentNetherBridgePiece","xx","StructureComponent","net/minecraft/src","0"
"TileEntityFurnace","ady","TileEntity","net/minecraft/src","0"
"EntityLiving","zs","Entity","net/minecraft/src","0"
"LayerIsland","abu","GenLayer","net/minecraft/src","0"
"IInvBasic","ww","","net/minecraft/src","0"
"TileEntityEnchantmentTable","sy","TileEntity","net/minecraft/src","0"
"PositionTextureVertex","xb","","net/minecraft/src","0"
"ChunkLoader","mw","","net/minecraft/src","0"
"GenLayerIsland","sv","GenLayer","net/minecraft/src","0"
"ModelBlaze","agn","ModelBase","net/minecraft/src","0"
"GuiErrorScreen","rn","GuiScreen","net/minecraft/src","0"
"BlockWeb","lp","Block","net/minecraft/src","0"
"ModelBase","gq","","net/minecraft/src","0"
"GuiIngame","afl","Gui","net/minecraft/src","0"
"ItemSapling","ih","ItemBlock","net/minecraft/src","0"
"ComponentVillageField","i","ComponentVillage","net/minecraft/src","0"
"EmptyChunk","zh","Chunk","net/minecraft/src","0"
"J_JsonFormatter","ia","","net/minecraft/src","0"
"ModelSheep2","il","ModelQuadruped","net/minecraft/src","0"
"ComponentVillageField2","or","ComponentVillage","net/minecraft/src","0"
"GuiTexturePacks","dw","GuiScreen","net/minecraft/src","0"
"NBTTagString","ahk","NBTBase","net/minecraft/src","0"
"ChunkProviderLoadOrGenerate","gx","","net/minecraft/src","0"
"J_JsonFalseNodeBuilder","aez","","net/minecraft/src","0"
"ChunkBlockMap","afy","","net/minecraft/src","0"
"GenLayerRiver","wo","GenLayer","net/minecraft/src","0"
"SaveHandler","ds","","net/minecraft/src","0"
"ShapelessRecipes","aev","","net/minecraft/src","0"
"TextureFlamesFX","ly","TextureFX","net/minecraft/src","0"
"RenderCow","aft","RenderLiving","net/minecraft/src","0"
"BlockSponge","pp","Block","net/minecraft/src","0"
"BlockStem","abf","BlockFlower","net/minecraft/src","0"
"ItemMinecart","adk","Item","net/minecraft/src","0"
"BlockWorkbench","dr","Block","net/minecraft/src","0"
"Packet26EntityExpOrb","kf","Packet","net/minecraft/src","0"
"MapGenVillage","ai","MapGenStructure","net/minecraft/src","0"
"BiomeGenRiver","in","BiomeGenBase","net/minecraft/src","0"
"Packet201PlayerInfo","ua","Packet","net/minecraft/src","0"
"EntityCreature","xe","EntityLiving","net/minecraft/src","0"
"Teleporter","nk","","net/minecraft/src","0"
"StructureStrongholdPieceWeight2","an","StructureStrongholdPieceWeight","net/minecraft/src","0"
"MapColor","tz","","net/minecraft/src","0"
"StructureStrongholdPieces","yf","","net/minecraft/src","0"
"RailLogic","oi","","net/minecraft/src","0"
"MapCoord","rz","","net/minecraft/src","0"
"Achievement","aay","StatBase","net/minecraft/src","0"
"J_JsonNodeDoesNotMatchChainedJsonNodeSelectorException","aai","J_JsonNodeDoesNotMatchJsonNodeSelectorException","net/minecraft/src","0"
"J_JsonListenerToJdomAdapter","zt","","net/minecraft/src","0"
"TileEntityRecordPlayer","cy","TileEntity","net/minecraft/src","0"
"CanvasIsomPreview","sb","","net/minecraft/src","0"
"ImageBufferDownload","lr","","net/minecraft/src","0"
"ComponentVillageHouse1","agl","ComponentVillage","net/minecraft/src","0"
"J_JsonNumberNode","xr","J_JsonNode","net/minecraft/src","0"
"MouseHelper","agj","","net/minecraft/src","0"
"StatFileWriter","ahm","","net/minecraft/src","0"
"BiomeGenOcean","rq","BiomeGenBase","net/minecraft/src","0"
"EnumOptions","wv","","net/minecraft/src","0"
"WorldClient","id","World","net/minecraft/src","0"
"MCHash","yl","","net/minecraft/src","0"
"BiomeDecorator","vr","","net/minecraft/src","0"
"BlockPistonMoving","nn","BlockContainer","net/minecraft/src","0"
"MinecraftImpl","gs","Minecraft","net/minecraft/src","0"
"Path","zf","","net/minecraft/src","0"
"J_JsonFieldBuilder","ach","","net/minecraft/src","0"
"Item","vy","","net/minecraft/src","0"
"J_JsonObjectNodeList","jw","","net/minecraft/src","0"
"TileEntity","js","","net/minecraft/src","0"
"BlockFlowing","jo","BlockFluid","net/minecraft/src","0"
"EnumOSMappingHelper","gp","","net/minecraft/src","0"
"ComponentStrongholdChestCorridor","vz","ComponentStronghold","net/minecraft/src","0"
"BlockNetherBrick","pz","BlockFlower","net/minecraft/src","0"
"WorldGenTaiga1","kj","WorldGenerator","net/minecraft/src","0"
"InventoryPlayer","xp","","net/minecraft/src","0"
"Slot","wb","","net/minecraft/src","0"
"ModelVillager","ta","ModelBase","net/minecraft/src","0"
"ModelBed","xz","","net/minecraft/src","0"
"EntityRainFX","pq","EntityFX","net/minecraft/src","0"
"ItemBed","zr","Item","net/minecraft/src","0"
"Packet108EnchantItem","kd","Packet","net/minecraft/src","0"
"EntityCreeper","vo","EntityMob","net/minecraft/src","0"
"Packet101CloseWindow","aab","Packet","net/minecraft/src","0"
"EntitySmallFireball","on","EntityFireball","net/minecraft/src","0"
"Packet24MobSpawn","yc","Packet","net/minecraft/src","0"
"J_InvalidSyntaxException","ahl","","net/minecraft/src","0"
"ItemRedstone","xd","Item","net/minecraft/src","0"
"ThreadedChunkLoaderPending","qi","","net/minecraft/src","0"
"PlayerListEntry","lc","","net/minecraft/src","0"
"Packet14BlockDig","gg","Packet","net/minecraft/src","0"
"OpenGlCapsChecker","tj","","net/minecraft/src","0"
"J_JsonStringNode","kp","J_JsonNode","net/minecraft/src","0"
"MapInfo","ma","","net/minecraft/src","0"
"NetClientHandler","aak","NetHandler","net/minecraft/src","0"
"ItemTool","co","Item","net/minecraft/src","0"
"ImageBuffer","ir","","net/minecraft/src","0"
"Container","cr","","net/minecraft/src","0"
"EntityPig","pb","EntityAnimal","net/minecraft/src","0"
"GuiSavingLevelString","ac","","net/minecraft/src","0"
"GuiGameOver","sx","GuiScreen","net/minecraft/src","0"
"EnchantmentDurability","cw","Enchantment","net/minecraft/src","0"
"J_JsonNumberNodeBuilder","abc","","net/minecraft/src","0"
"GuiContainerCreative","qz","GuiContainer","net/minecraft/src","0"
"EntityMagmaCube","aes","EntitySlime","net/minecraft/src","0"
"EntityFish","zv","Entity","net/minecraft/src","0"
"Packet5PlayerInventory","rg","Packet","net/minecraft/src","0"
"BlockBrewingStand","ut","BlockContainer","net/minecraft/src","0"
"NoiseGeneratorOctaves","nc","NoiseGenerator","net/minecraft/src","0"
"ItemBlock","tc","Item","net/minecraft/src","0"
"BlockPumpkin","ur","Block","net/minecraft/src","0"
"Packet30Entity","aff","Packet","net/minecraft/src","0"
"SorterStatsItem","eh","","net/minecraft/src","0"
"StructureNetherBridgePieces","ht","","net/minecraft/src","0"
"J_JdomParser","fe","","net/minecraft/src","0"
"RenderLightningBolt","acc","Render","net/minecraft/src","0"
"InventoryBasic","kz","","net/minecraft/src","0"
"ItemFood","aio","Item","net/minecraft/src","0"
"UnexpectedThrowable","hz","","net/minecraft/src","0"
"EnchantmentOxygen","ol","Enchantment","net/minecraft/src","0"
"EnchantmentWaterWorker","ahv","Enchantment","net/minecraft/src","0"
"StatStringFormatKeyInv","gm","","net/minecraft/src","0"
"EntityThrowable","ap","Entity","net/minecraft/src","0"
"Packet255KickDisconnect","aij","Packet","net/minecraft/src","0"
"StatCrafting","aey","StatBase","net/minecraft/src","0"
"ItemBow","lh","Item","net/minecraft/src","0"
"J_JsonArrayNodeSelector","yt","J_LeafFunctor","net/minecraft/src","0"
"WorldGenBigTree","xf","WorldGenerator","net/minecraft/src","0"
"ItemSeeds","lo","Item","net/minecraft/src","0"
"SlotBrewingStandPotion","hl","Slot","net/minecraft/src","0"
"WorldGenGlowStone1","eg","WorldGenerator","net/minecraft/src","0"
"EntitySmokeFX","aho","EntityFX","net/minecraft/src","0"
"EntityPickupFX","uk","EntityFX","net/minecraft/src","0"
"RecipesFood","abe","","net/minecraft/src","0"
"ContainerDispenser","adx","Container","net/minecraft/src","0"
"BlockSnowBlock","v","Block","net/minecraft/src","0"
"ComponentNetherBridgeEntrance","nu","ComponentNetherBridgePiece","net/minecraft/src","0"
"ModelSnowMan","dm","ModelBase","net/minecraft/src","0"
"EntityGhast","sk","EntityFlying","net/minecraft/src","0"
"NBTTagLong","aaa","NBTBase","net/minecraft/src","0"
"Empty3","abx","","net/minecraft/src","0"
"Packet131MapData","ad","Packet","net/minecraft/src","0"
"StructureNetherBridgeEnd","ha","ComponentNetherBridgePiece","net/minecraft/src","0"
"RenderSquid","un","RenderLiving","net/minecraft/src","0"
"Particle","gw","","net/minecraft/src","0"
"EntityArrow","mc","Entity","net/minecraft/src","0"
"RegionFile","ku","","net/minecraft/src","0"
"GuiStats","cq","GuiScreen","net/minecraft/src","0"
"TexturePackBase","g","","net/minecraft/src","0"
"BlockRedstoneTorch","tl","BlockTorch","net/minecraft/src","0"
"BlockButton","jj","Block","net/minecraft/src","0"
"BlockBed","ny","Block","net/minecraft/src","0"
"NoiseGeneratorPerlin","ah","NoiseGenerator","net/minecraft/src","0"
"StatCollector","cm","","net/minecraft/src","0"
"J_ArrayNodeContainer","aaj","","net/minecraft/src","0"
"GenLayer","ug","","net/minecraft/src","0"
"RenderFireball","yw","Render","net/minecraft/src","0"
"ThreadDownloadImage","aen","","net/minecraft/src","0"
"EntityCritFX","qs","EntityFX","net/minecraft/src","0"
"RegionFileCache","adj","","net/minecraft/src","0"
"ItemSpade","agm","ItemTool","net/minecraft/src","0"
"EnumJsonNodeTypeMappingHelper","hc","","net/minecraft/src","0"
"ComponentMineshaftRoom","qw","StructureComponent","net/minecraft/src","0"
"EnumArmorMaterial","bu","","net/minecraft/src","0"
"J_JsonNodeBuilders","aej","","net/minecraft/src","0"
"ComponentVillageHouse4_Garden","ei","ComponentVillage","net/minecraft/src","0"
"GuiSlot","hg","","net/minecraft/src","0"
"MapItemRenderer","xq","","net/minecraft/src","0"
"ComponentNetherBridgeCorridor5","aau","ComponentNetherBridgePiece","net/minecraft/src","0"
"J_JsonArray","abg","J_JsonRootNode","net/minecraft/src","0"
"NBTTagEnd","hh","NBTBase","net/minecraft/src","0"
"EnchantmentData","kb","WeightedRandomChoice","net/minecraft/src","0"
"GenLayerRiverInit","it","GenLayer","net/minecraft/src","0"
"GuiCreateWorld","ux","GuiScreen","net/minecraft/src","0"
"RenderPainting","cu","Render","net/minecraft/src","0"
"IStatType","pe","","net/minecraft/src","0"
"BlockPistonBase","yg","Block","net/minecraft/src","0"
"ModelLargeChest","ss","ModelChest","net/minecraft/src","0"
"Packet8UpdateHealth","dg","Packet","net/minecraft/src","0"
"CraftingManager","ez","","net/minecraft/src","0"
"FurnaceRecipes","dl","","net/minecraft/src","0"
"ComponentStrongholdStairsStraight","aba","ComponentStronghold","net/minecraft/src","0"
"GuiEnchantment","qu","GuiContainer","net/minecraft/src","0"
"EnumMovingObjectType","xy","","net/minecraft/src","0"
"ThreadDownloadResources","by","","net/minecraft/src","0"
"J_JsonElementNodeSelector","act","J_LeafFunctor","net/minecraft/src","0"
"NBTTagByte","la","NBTBase","net/minecraft/src","0"
"EnchantmentLootBonus","ka","Enchantment","net/minecraft/src","0"
"WorldGenForest","h","WorldGenerator","net/minecraft/src","0"
"StructureComponent","gh","","net/minecraft/src","0"
"BlockDirt","abo","Block","net/minecraft/src","0"
"RenderSnowball","ce","Render","net/minecraft/src","0"
"ThreadPollServers","bl","","net/minecraft/src","0"
"WeightedRandom","nw","","net/minecraft/src","0"
"BlockCloth","uf","Block","net/minecraft/src","0"
"DamageSource","ky","","net/minecraft/src","0"
"RenderHelper","rk","","net/minecraft/src","0"
"SaveFormatComparator","nv","","net/minecraft/src","0"
"Packet15Place","eo","Packet","net/minecraft/src","0"
"Packet18Animation","jb","Packet","net/minecraft/src","0"
"ComponentNetherBridgeCorridor","hp","ComponentNetherBridgePiece","net/minecraft/src","0"
"RenderTNTPrimed","abk","Render","net/minecraft/src","0"
"RenderFallingSand","wa","Render","net/minecraft/src","0"
"ThreadRunIsoClient","mz","","net/minecraft/src","0"
"TextureLavaFX","bi","TextureFX","net/minecraft/src","0"
"RecipesCrafting","ym","","net/minecraft/src","0"
"TileEntityNote","mv","TileEntity","net/minecraft/src","0"
"ShapedRecipes","xn","","net/minecraft/src","0"
"WorldSettings","er","","net/minecraft/src","0"
"RenderFish","acf","Render","net/minecraft/src","0"
"GuiMainMenu","vg","GuiScreen","net/minecraft/src","0"
"EnumStatus","bw","","net/minecraft/src","0"
"EntityLightningBolt","c","EntityWeatherEffect","net/minecraft/src","0"
"StructurePieceTreasure","ff","WeightedRandomChoice","net/minecraft/src","0"
"GenLayerSmoothZoom","hm","GenLayer","net/minecraft/src","0"
"EntityMooshroom","mr","EntityCow","net/minecraft/src","0"
"WorldBlockPositionType","mt","","net/minecraft/src","0"
"BlockFarmland","aga","Block","net/minecraft/src","0"
"ItemEnderPearl","yu","Item","net/minecraft/src","0"
"WorldProviderSurface","ln","WorldProvider","net/minecraft/src","0"
"RecipesDyes","iq","","net/minecraft/src","0"
"IThreadedFileIO","ee","","net/minecraft/src","0"
"Packet103SetSlot","fc","Packet","net/minecraft/src","0"
"Packet34EntityTeleport","lm","Packet","net/minecraft/src","0"
"NBTTagInt","acj","NBTBase","net/minecraft/src","0"
"Packet53BlockChange","my","Packet","net/minecraft/src","0"
"SlotArmor","acm","Slot","net/minecraft/src","0"
"EntityEnchantmentTableParticleFX","aby","EntityFX","net/minecraft/src","0"
"RenderMagmaCube","aq","RenderLiving","net/minecraft/src","0"
"Profiler","kq","","net/minecraft/src","0"
"World","uu","","net/minecraft/src","0"
"SignModel","adh","ModelBase","net/minecraft/src","0"
"IWorldAccess","acg","","net/minecraft/src","0"
"EntityWeatherEffect","qq","Entity","net/minecraft/src","0"
"J_ChainedFunctor","ra","","net/minecraft/src","0"
"RenderBoat","dn","Render","net/minecraft/src","0"
"TileEntityRendererPiston","fd","TileEntitySpecialRenderer","net/minecraft/src","0"
"GenLayerZoom","ub","GenLayer","net/minecraft/src","0"
"EntitySheep","ci","EntityAnimal","net/minecraft/src","0"
"ChunkCache","dj","","net/minecraft/src","0"
"Packet19EntityAction","aew","Packet","net/minecraft/src","0"
"GLAllocation","ef","","net/minecraft/src","0"
"MapGenWaterlily","iu","WorldGenerator","net/minecraft/src","0"
"IntCache","y","","net/minecraft/src","0"
"EntityVillage","dq","EntityCreature","net/minecraft/src","0"
"ChunkCoordIntPair","qr","","net/minecraft/src","0"
"RenderSilverfish","tp","RenderLiving","net/minecraft/src","0"
"ComponentVillageHouse2","cc","ComponentVillage","net/minecraft/src","0"
"ItemReed","zu","Item","net/minecraft/src","0"
"ItemGlassBottle","afe","Item","net/minecraft/src","0"
"J_FieldNodeContainer","aal","","net/minecraft/src","0"
"BlockContainer","ads","Block","net/minecraft/src","0"
"GuiScreenAddServer","vh","GuiScreen","net/minecraft/src","0"
"GenLayerSmooth","es","GenLayer","net/minecraft/src","0"
"MinecraftAppletImpl","l","Minecraft","net/minecraft/src","0"
"Packet52MultiBlockChange","ahc","Packet","net/minecraft/src","0"
"NetworkMasterThread","pr","","net/minecraft/src","0"
"BlockMelon","do","Block","net/minecraft/src","0"
"BlockChest","qv","BlockContainer","net/minecraft/src","0"
"EnchantmentModifierLiving","qg","","net/minecraft/src","0"
"J_JsonNodeSelectors","gj","","net/minecraft/src","0"
"ModelZombie","uj","ModelBiped","net/minecraft/src","0"
"ComponentStronghold","ep","StructureComponent","net/minecraft/src","0"
"ClippingHelperImpl","p","ClippingHelper","net/minecraft/src","0"
"EnumOS1","yd","","net/minecraft/src","0"
"BlockStairs","mh","Block","net/minecraft/src","0"
"Packet21PickupSpawn","io","Packet","net/minecraft/src","0"
"BlockClay","adt","Block","net/minecraft/src","0"
"SlotEnchantmentTable","ro","InventoryBasic","net/minecraft/src","0"
"ChestItemRenderHelper","cs","","net/minecraft/src","0"
"TerrainTextureManager","afm","","net/minecraft/src","0"
"J_JsonNodeList","s","","net/minecraft/src","0"
"RecipeSorter","gy","","net/minecraft/src","0"
"StructureNetherBridgeStart","ar","StructureStart","net/minecraft/src","0"
"J_NodeContainer","acn","","net/minecraft/src","0"
"Vec3D","be","","net/minecraft/src","0"
"EntitySorter","gb","","net/minecraft/src","0"
"J_JsonRootNode","kt","J_JsonNode","net/minecraft/src","0"
"Packet25EntityPainting","oo","Packet","net/minecraft/src","0"
"Packet16BlockItemSwitch","wr","Packet","net/minecraft/src","0"
"NBTBase","fm","","net/minecraft/src","0"
"ContainerBrewingStand","xu","Container","net/minecraft/src","0"
"RenderVillager","wi","RenderLiving","net/minecraft/src","0"
"ItemDye","go","Item","net/minecraft/src","0"
"Packet104WindowItems","yo","Packet","net/minecraft/src","0"
"ModelSlime","aap","ModelBase","net/minecraft/src","0"
"PotionHealth","afq","Potion","net/minecraft/src","0"
"J_JsonConstants","oh","J_JsonNode","net/minecraft/src","0"
"EntitySnowman","o","EntitySnowmanBase","net/minecraft/src","0"
"GuiCrafting","abj","GuiContainer","net/minecraft/src","0"
"Timer","aco","","net/minecraft/src","0"
"BlockFire","aii","Block","net/minecraft/src","0"
"BiomeCache","nz","","net/minecraft/src","0"
"EntityCrit2FX","fa","EntityFX","net/minecraft/src","0"
"ComponentStrongholdCorridor","jg","ComponentStronghold","net/minecraft/src","0"
"BlockTorch","og","Block","net/minecraft/src","0"
"StepSoundSand","ae","StepSound","net/minecraft/src","0"
"GuiBrewingStand","gi","GuiContainer","net/minecraft/src","0"
"EnchantmentDamage","zc","Enchantment","net/minecraft/src","0"
"BlockEnchantmentTable","vt","BlockContainer","net/minecraft/src","0"
"BiomeEndDecorator","zz","BiomeDecorator","net/minecraft/src","0"
"ThreadSleepForever","gl","","net/minecraft/src","0"
"MouseFilter","bv","","net/minecraft/src","0"
"J_JsonNodeDoesNotMatchJsonNodeSelectorException","w","","net/minecraft/src","0"
"WorldGenerator","ke","","net/minecraft/src","0"
"BlockGlass","uy","BlockBreakable","net/minecraft/src","0"
"ComponentNetherBridgeStartPiece","acv","ComponentNetherBridgeCrossing3","net/minecraft/src","0"
"EntityFlameFX","le","EntityFX","net/minecraft/src","0"
"NetHandler","ms","","net/minecraft/src","0"
"EntitySilverfish","oy","EntityMob","net/minecraft/src","0"
"EnchantmentFireAspect","zk","Enchantment","net/minecraft/src","0"
"Packet39AttachEntity","aas","Packet","net/minecraft/src","0"
"RenderBlaze","pk","RenderLiving","net/minecraft/src","0"
"Packet50PreChunk","adv","Packet","net/minecraft/src","0"
"ComponentNetherBridgeCorridor3","qp","ComponentNetherBridgePiece","net/minecraft/src","0"
"ModelSquid","ph","ModelBase","net/minecraft/src","0"
"EntityOtherPlayerMP","qd","EntityPlayer","net/minecraft/src","0"
"EnumCreatureType","zi","","net/minecraft/src","0"
"TileEntityMobSpawnerRenderer","aa","TileEntitySpecialRenderer","net/minecraft/src","0"
"EntityLargeExplodeFX","hn","EntityFX","net/minecraft/src","0"
"SlotFurnace","age","Slot","net/minecraft/src","0"
"WorldGenCactus","vk","WorldGenerator","net/minecraft/src","0"
"StatList","ga","","net/minecraft/src","0"
"ICamera","aih","","net/minecraft/src","0"
"Packet70Bed","st","Packet","net/minecraft/src","0"
"GuiAchievement","op","Gui","net/minecraft/src","0"
"EntityReddustFX","xg","EntityFX","net/minecraft/src","0"
"ModelPig","cz","ModelQuadruped","net/minecraft/src","0"
"ChunkFile","cv","","net/minecraft/src","0"
"OsMap","mx","","net/minecraft/src","0"
"GenLayerZoomVoronoi","yr","GenLayer","net/minecraft/src","0"
"MapGenMineshaft","ahu","MapGenStructure","net/minecraft/src","0"
"NoiseGenerator","cd","","net/minecraft/src","0"
"WorldGenHellLava","kr","WorldGenerator","net/minecraft/src","0"
"Packet11PlayerPosition","ab","Packet10Flying","net/minecraft/src","0"
"RenderXPOrb","rh","Render","net/minecraft/src","0"
"MathHelper","fp","","net/minecraft/src","0"
"BiomeGenHell","rj","BiomeGenBase","net/minecraft/src","0"
"EntityMob","wf","EntityCreature","net/minecraft/src","0"
"BlockSandStone","lj","Block","net/minecraft/src","0"
"TileEntityDispenser","as","TileEntity","net/minecraft/src","0"
"EntityHeartFX","yp","EntityFX","net/minecraft/src","0"
"GuiChat","vq","GuiScreen","net/minecraft/src","0"
"GuiUnused","sw","GuiScreen","net/minecraft/src","0"
"ItemLeaves","nt","ItemBlock","net/minecraft/src","0"
"ContainerChest","bg","Container","net/minecraft/src","0"
"BlockReed","adi","Block","net/minecraft/src","0"
"TexturePackList","fn","","net/minecraft/src","0"
"ComponentNetherBridgeCrossing2","ahz","ComponentNetherBridgePiece","net/minecraft/src","0"
"TexturePortalFX","wu","TextureFX","net/minecraft/src","0"
"EntityDropParticleFX","fh","EntityFX","net/minecraft/src","0"
"Packet254ServerPing","tt","Packet","net/minecraft/src","0"
"Chunk","zm","","net/minecraft/src","0"
"GenLayerShore","xj","GenLayer","net/minecraft/src","0"
"J_JsonNodeBuilder","zd","","net/minecraft/src","0"
"StructureStrongholdStart","afz","StructureStart","net/minecraft/src","0"
"EnumMobType","adq","","net/minecraft/src","0"
"NBTTagList","mf","NBTBase","net/minecraft/src","0"
"GenLayerTemperature","acq","GenLayer","net/minecraft/src","0"
"EnchantmentModifierDamage","he","","net/minecraft/src","0"
"ItemSword","ks","Item","net/minecraft/src","0"
"WorldProviderHell","ago","WorldProvider","net/minecraft/src","0"
"TileEntityChest","gf","TileEntity","net/minecraft/src","0"
"WorldGenBigMushroom","ox","WorldGenerator","net/minecraft/src","0"
"BlockSapling","wj","BlockFlower","net/minecraft/src","0"
"Packet71Weather","uq","Packet","net/minecraft/src","0"
"WorldGenTrees","qk","WorldGenerator","net/minecraft/src","0"
"GenLayerZoomFuzzy","agx","GenLayer","net/minecraft/src","0"
"Packet32EntityLook","lv","Packet30Entity","net/minecraft/src","0"
"IInventory","hq","","net/minecraft/src","0"
"StructureStart","ns","","net/minecraft/src","0"
"RenderEnderman","rb","RenderLiving","net/minecraft/src","0"
"ContainerFurnace","si","Container","net/minecraft/src","0"
"NetworkWriterThread","pv","","net/minecraft/src","0"
"GenLayerDownfallMix","afg","GenLayer","net/minecraft/src","0"
"EnumJsonNodeType","rw","","net/minecraft/src","0"
"J_ObjectNodeContainer","aah","","net/minecraft/src","0"
"ItemBucket","au","Item","net/minecraft/src","0"
"BlockLog","ob","Block","net/minecraft/src","0"
"StatBase","agf","","net/minecraft/src","0"
"DragonPart","ct","Entity","net/minecraft/src","0"
"J_CompactJsonFormatter","db","","net/minecraft/src","0"
"ModelCow","wl","ModelQuadruped","net/minecraft/src","0"
"BlockOreStorage","rc","Block","net/minecraft/src","0"
"WeightedRandomChoice","bq","","net/minecraft/src","0"
"RecipesWeapons","ahj","","net/minecraft/src","0"
"J_JsonNode","em","","net/minecraft/src","0"
"RenderSpider","aiq","RenderLiving","net/minecraft/src","0"
"ProfilerResult","xk","","net/minecraft/src","0"
"TexturePackDefault","jy","TexturePackBase","net/minecraft/src","0"
"ComponentVillageHouse3","vn","ComponentVillage","net/minecraft/src","0"
"PlayerController","jf","","net/minecraft/src","0"
"EntityNoteFX","x","EntityFX","net/minecraft/src","0"
"GuiDispenser","el","GuiContainer","net/minecraft/src","0"
"RenderChicken","fs","RenderLiving","net/minecraft/src","0"
"EntityChicken","pn","EntityAnimal","net/minecraft/src","0"
"PlayerCapabilities","pf","","net/minecraft/src","0"
"ItemPickaxe","ao","ItemTool","net/minecraft/src","0"
"IEnchantmentModifier","r","","net/minecraft/src","0"
"ModelSilverfish","afk","ModelBase","net/minecraft/src","0"
"RenderEngine","ya","","net/minecraft/src","0"
"EntityExplodeFX","we","EntityFX","net/minecraft/src","0"
"IStatStringFormat","wc","","net/minecraft/src","0"
"Tessellator","aaw","","net/minecraft/src","0"
"RenderSorter","hv","","net/minecraft/src","0"
"ChunkCoordinates","sj","","net/minecraft/src","0"
"BlockVine","abi","Block","net/minecraft/src","0"
"ChatLine","mk","","net/minecraft/src","0"
"ChunkFolderPattern","bo","","net/minecraft/src","0"
"AchievementList","dd","","net/minecraft/src","0"
"IRecipe","tx","","net/minecraft/src","0"
"MD5String","wk","","net/minecraft/src","0"
"GameWindowListener","gn","","net/minecraft/src","0"
"ColorizerGrass","xa","","net/minecraft/src","0"
"ChunkProviderHell","acx","","net/minecraft/src","0"
"WorldChunkManagerHell","eu","WorldChunkManager","net/minecraft/src","0"
"RenderEndPortal","jv","TileEntitySpecialRenderer","net/minecraft/src","0"
"BlockGravel","ip","BlockSand","net/minecraft/src","0"
"J_JsonObjectNodeBuilder","ml","","net/minecraft/src","0"
"ItemAxe","mn","ItemTool","net/minecraft/src","0"
"EntityZombie","afs","EntityMob","net/minecraft/src","0"
"EntityEnderPearl","aat","EntityThrowable","net/minecraft/src","0"
"TileEntitySignRenderer","kh","TileEntitySpecialRenderer","net/minecraft/src","0"
"ChunkProvider","jk","","net/minecraft/src","0"
"ItemSign","afu","Item","net/minecraft/src","0"
"EnumEnchantmentType","kw","","net/minecraft/src","0"
"EntityWaterMob","ru","EntityCreature","net/minecraft/src","0"
"WorldGenReed","xl","WorldGenerator","net/minecraft/src","0"
"ModelQuadruped","jc","ModelBase","net/minecraft/src","0"
"StructureMineshaftStart","agp","StructureStart","net/minecraft/src","0"
"Packet17Sleep","yn","Packet","net/minecraft/src","0"
"IsoImageBuffer","lk","","net/minecraft/src","0"
"ItemCloth","sf","ItemBlock","net/minecraft/src","0"
"ModelChicken","aeh","ModelBase","net/minecraft/src","0"
"J_JsonEscapedString","ail","","net/minecraft/src","0"
"BlockPortal","ag","BlockBreakable","net/minecraft/src","0"
"GuiTextField","adn","Gui","net/minecraft/src","0"
"EntityHugeExplodeFX","ahe","EntityFX","net/minecraft/src","0"
"PlayerControllerMP","pu","PlayerController","net/minecraft/src","0"
"RenderEntity","hs","Render","net/minecraft/src","0"
"BlockTrapDoor","jp","Block","net/minecraft/src","0"
"ThreadStatSyncherSend","od","","net/minecraft/src","0"
"J_JsonNodeSelector","yi","","net/minecraft/src","0"
"ItemMap","pl","ItemMapBase","net/minecraft/src","0"
"EntityTNTPrimed","add","Entity","net/minecraft/src","0"
"EntityPainting","lf","Entity","net/minecraft/src","0"
"Packet22Collect","tr","Packet","net/minecraft/src","0"
"BlockBookshelf","eq","Block","net/minecraft/src","0"
"TileEntityRenderer","zj","","net/minecraft/src","0"
"ItemAppleGold","qo","ItemFood","net/minecraft/src","0"
"BlockFurnace","aeg","BlockContainer","net/minecraft/src","0"
"WorldProvider","ahi","","net/minecraft/src","0"
"BlockSnow","ge","Block","net/minecraft/src","0"
"BlockEndPortalFrame","aim","Block","net/minecraft/src","0"
"BlockLever","ahr","Block","net/minecraft/src","0"
"ComponentNetherBridgeCrossing","agg","ComponentNetherBridgePiece","net/minecraft/src","0"
"J_PositionTrackingPushbackReader","zg","","net/minecraft/src","0"
"Packet10Flying","fl","Packet","net/minecraft/src","0"
"EntitySnowShovelFX","ij","EntityFX","net/minecraft/src","0"
"StatTypeDistance","az","","net/minecraft/src","0"
"RecipesTools","wg","","net/minecraft/src","0"
"BlockLilyPad","vp","BlockFlower","net/minecraft/src","0"
"GenLayerDownfall","oe","GenLayer","net/minecraft/src","0"
"J_JsonNullNodeBuilder","afb","","net/minecraft/src","0"
"InventoryLargeChest","ji","","net/minecraft/src","0"
"MapGenBase","vi","","net/minecraft/src","0"
"BlockSign","ng","BlockContainer","net/minecraft/src","0"
"GuiConnectFailed","dk","GuiScreen","net/minecraft/src","0"
"J_JsonObject","gt","J_JsonRootNode","net/minecraft/src","0"
"BlockMushroomCap","oj","Block","net/minecraft/src","0"
"MaterialLogic","rr","Material","net/minecraft/src","0"
"ComponentStrongholdRoomCrossing","zb","ComponentStronghold","net/minecraft/src","0"
"BlockCauldron","va","Block","net/minecraft/src","0"
"PanelCrashReport","su","","net/minecraft/src","0"
"BiomeGenSwamp","aek","BiomeGenBase","net/minecraft/src","0"
"MovementInput","nl","","net/minecraft/src","0"
"Packet200Statistic","jh","Packet","net/minecraft/src","0"
"SpawnerAnimals","te","","net/minecraft/src","0"
"WorldGenTaiga2","pm","WorldGenerator","net/minecraft/src","0"
"BlockSilverfish","ada","Block","net/minecraft/src","0"
"EntityDiggingFX","kx","EntityFX","net/minecraft/src","0"
"ContainerWorkbench","xm","Container","net/minecraft/src","0"
"NetworkManager","kc","","net/minecraft/src","0"
"TextureCompassFX","ry","TextureFX","net/minecraft/src","0"
"ComponentVillageWell","ace","ComponentVillage","net/minecraft/src","0"
"ContainerPlayer","t","Container","net/minecraft/src","0"
"GuiMultiplayer","zq","GuiScreen","net/minecraft/src","0"
"EntityFireball","bh","Entity","net/minecraft/src","0"
"WorldChunkManager","qa","","net/minecraft/src","0"
"ComponentVillageHall","n","ComponentVillage","net/minecraft/src","0"
"BlockDeadBush","fx","BlockFlower","net/minecraft/src","0"
"PlayerList","dx","","net/minecraft/src","0"
"ItemSaddle","lu","Item","net/minecraft/src","0"
"EnchantmentHelper","afi","","net/minecraft/src","0"
"StatTypeSimple","bd","","net/minecraft/src","0"
"Packet61DoorChange","dv","Packet","net/minecraft/src","0"
"EntityCow","sp","EntityAnimal","net/minecraft/src","0"
"Empty2","xc","","net/minecraft/src","0"
"GuiWorldSlot","hy","GuiSlot","net/minecraft/src","0"
"Enchantment","is","","net/minecraft/src","0"
"MapGenNetherBridge","yy","MapGenStructure","net/minecraft/src","0"
"TileEntitySpecialRenderer","xw","","net/minecraft/src","0"
"BlockDispenser","ahq","BlockContainer","net/minecraft/src","0"
"EnumRarity","ew","","net/minecraft/src","0"
"BiomeGenTaiga","qx","BiomeGenBase","net/minecraft/src","0"
"BlockPane","agz","Block","net/minecraft/src","0"
"ThreadConnectToServer","ahh","","net/minecraft/src","0"
"BlockEndPortal","ri","BlockContainer","net/minecraft/src","0"
"Packet51MapChunk","uh","Packet","net/minecraft/src","0"
"ComponentVillageRoadPiece","bt","ComponentVillage","net/minecraft/src","0"
"CanvasCrashReport","ahd","","net/minecraft/src","0"
"Packet9Respawn","jt","Packet","net/minecraft/src","0"
"RenderCreeper","rd","RenderLiving","net/minecraft/src","0"
"RenderSheep","ahw","RenderLiving","net/minecraft/src","0"
"ItemMapBase","td","Item","net/minecraft/src","0"
"NibbleArray","pc","","net/minecraft/src","0"
"BlockStoneBrick","ade","Block","net/minecraft/src","0"
"EntityBoat","dz","Entity","net/minecraft/src","0"
"Block","no","","net/minecraft/src","0"
"GuiButton","ys","Gui","net/minecraft/src","0"
"Packet40EntityMetadata","nr","Packet","net/minecraft/src","0"
"EnchantmentNameParts","gc","","net/minecraft/src","0"
"ComponentNetherBridgeCorridor4","im","ComponentNetherBridgePiece","net/minecraft/src","0"
"Pathfinder","vj","","net/minecraft/src","0"
"ComponentNetherBridgeCorridor2","to","ComponentNetherBridgePiece","net/minecraft/src","0"
"EntityBlaze","aaf","EntityMob","net/minecraft/src","0"
"MapData","xo","MapDataBase","net/minecraft/src","0"
"J_JsonStringNodeSelector","yx","J_LeafFunctor","net/minecraft/src","0"
"BlockFlower","ov","Block","net/minecraft/src","0"
"StringTranslate","aam","","net/minecraft/src","0"
"GameSettings","gv","","net/minecraft/src","0"
"Frustrum","mg","","net/minecraft/src","0"
"BlockMobSpawner","ca","BlockContainer","net/minecraft/src","0"
"RenderGhast","ki","RenderLiving","net/minecraft/src","0"
"Packet0KeepAlive","zw","Packet","net/minecraft/src","0"
"Packet60Explosion","adl","Packet","net/minecraft/src","0"
"MinecraftException","afn","","net/minecraft/src","0"
"FoodStats","lw","","net/minecraft/src","0"
"GuiRenameWorld","yb","GuiScreen","net/minecraft/src","0"
"ItemFlintAndSteel","aic","Item","net/minecraft/src","0"
"WorldGenSpikes","abd","WorldGenerator","net/minecraft/src","0"
"RedstoneUpdateInfo","aht","","net/minecraft/src","0"
"SlotEnchantment","qt","Slot","net/minecraft/src","0"
"EntityDamageSourceIndirect","fb","EntityDamageSource","net/minecraft/src","0"
"J_JsonListener","ags","","net/minecraft/src","0"
"StructurePieceBlockSelector","sq","","net/minecraft/src","0"
"RenderEnchantmentTable","ea","TileEntitySpecialRenderer","net/minecraft/src","0"
"MapGenCaves","aec","MapGenBase","net/minecraft/src","0"
"EntityList","xt","","net/minecraft/src","0"
"EntitySplashFX","mm","EntityRainFX","net/minecraft/src","0"
"BlockPistonExtension","qy","Block","net/minecraft/src","0"
"ChunkProviderEnd","vc","","net/minecraft/src","0"
"RenderMooshroom","bz","RenderLiving","net/minecraft/src","0"
"ComponentMineshaftStairs","hb","StructureComponent","net/minecraft/src","0"
"BlockGlowStone","hr","Block","net/minecraft/src","0"
"ModelSpider","lx","ModelBase","net/minecraft/src","0"
"GenLayerTemperatureMix","cj","GenLayer","net/minecraft/src","0"
"J_JsonObjectNodeSelector","acr","J_LeafFunctor","net/minecraft/src","0"
"ColorizerWater","wy","","net/minecraft/src","0"
"NBTTagByteArray","wq","NBTBase","net/minecraft/src","0"
"PistonBlockTextures","pd","","net/minecraft/src","0"
"ComponentVillageStartPiece","f","ComponentVillageWell","net/minecraft/src","0"
"ModelCreeper","fo","ModelBase","net/minecraft/src","0"
"ComponentStrongholdLibrary","aae","ComponentStronghold","net/minecraft/src","0"
"SaveHandlerMP","ahf","","net/minecraft/src","0"
"ChunkProviderGenerate","aib","","net/minecraft/src","0"
"WorldGenClay","ig","WorldGenerator","net/minecraft/src","0"
"BlockLadder","cl","Block","net/minecraft/src","0"
"RenderPlayer","tw","RenderLiving","net/minecraft/src","0"
"GuiConnecting","agh","GuiScreen","net/minecraft/src","0"
"MinecraftApplet","MinecraftApplet","","net/minecraft/client","0"
"Minecraft","Minecraft","","net/minecraft/client","0"
"RecipesArmor","z","","net/minecraft/src","1"
"BiomeGenHills","rv","BiomeGenBase","net/minecraft/src","1"
"ComponentVillage","so","StructureComponent","net/minecraft/src","1"
"Packet1Login","nj","Packet","net/minecraft/src","1"
"StatTypeTime","br","","net/minecraft/src","1"
"IProgressUpdate","xh","","net/minecraft/src","1"
"EntityDragonBase","uf","EntityLiving","net/minecraft/src","1"
"InventoryCraftResult","vr","","net/minecraft/src","1"
"SaveOldDir","mg","PlayerNBTManager","net/minecraft/src","1"
"ItemHoe","kq","Item","net/minecraft/src","1"
"Packet54PlayNoteBlock","ux","Packet","net/minecraft/src","1"
"BlockNetherrack","xq","Block","net/minecraft/src","1"
"IBlockAccess","wv","","net/minecraft/src","1"
"EntityEnderman","lz","EntityMob","net/minecraft/src","1"
"IPlayerFileData","ig","","net/minecraft/src","1"
"BlockRedstoneRepeater","vx","Block","net/minecraft/src","1"
"Packet2Handshake","ly","Packet","net/minecraft/src","1"
"ItemRecord","sk","Item","net/minecraft/src","1"
"WorldGenFlowers","bg","WorldGenerator","net/minecraft/src","1"
"BlockTallGrass","qs","BlockFlower","net/minecraft/src","1"
"ComponentStrongholdCrossing","um","ComponentStronghold","net/minecraft/src","1"
"ThreadedFileIOBase","ct","","net/minecraft/src","1"
"EntityFlying","vz","EntityLiving","net/minecraft/src","1"
"EnumCreatureAttribute","bq","","net/minecraft/src","1"
"RegionFileChunkBuffer","ib","","net/minecraft/src","1"
"NetworkReaderThread","wr","","net/minecraft/src","1"
"MaterialPortal","od","Material","net/minecraft/src","1"
"Packet106Transaction","ns","Packet","net/minecraft/src","1"
"MovingObjectPosition","tz","","net/minecraft/src","1"
"BlockTNT","ai","Block","net/minecraft/src","1"
"Material","le","","net/minecraft/src","1"
"ComponentNetherBridgeStraight","du","ComponentNetherBridgePiece","net/minecraft/src","1"
"BlockStationary","nf","BlockFluid","net/minecraft/src","1"
"ChunkPosition","vl","","net/minecraft/src","1"
"BlockLeavesBase","mz","Block","net/minecraft/src","1"
"NextTickListEntry","py","","net/minecraft/src","1"
"InventoryCrafting","ma","","net/minecraft/src","1"
"ComponentStrongholdRightTurn","ob","ComponentStrongholdLeftTurn","net/minecraft/src","1"
"EntityPigZombie","xg","EntityZombie","net/minecraft/src","1"
"GenLayerSnow","az","GenLayer","net/minecraft/src","1"
"ItemStack","iz","","net/minecraft/src","1"
"ItemPotion","fs","Item","net/minecraft/src","1"
"Packet31RelEntityMove","rq","Packet30Entity","net/minecraft/src","1"
"SaveFormatOld","si","","net/minecraft/src","1"
"MaterialWeb","jo","Material","net/minecraft/src","1"
"BlockFence","jt","Block","net/minecraft/src","1"
"MapGenStructure","qm","MapGenBase","net/minecraft/src","1"
"BlockLeaves","bm","BlockLeavesBase","net/minecraft/src","1"
"BlockNote","ow","BlockContainer","net/minecraft/src","1"
"BlockLockedChest","kg","Block","net/minecraft/src","1"
"BiomeGenDesert","rt","BiomeGenBase","net/minecraft/src","1"
"StructureVillagePieceWeight","ew","","net/minecraft/src","1"
"EnchantmentDigging","dq","Enchantment","net/minecraft/src","1"
"EnumDoorHelper","au","","net/minecraft/src","1"
"EntityFallingSand","jr","Entity","net/minecraft/src","1"
"ChunkFilePattern","qp","","net/minecraft/src","1"
"ItemEnderEye","ua","Item","net/minecraft/src","1"
"Packet28EntityVelocity","gs","Packet","net/minecraft/src","1"
"ComponentVillagePathGen","sl","ComponentVillageRoadPiece","net/minecraft/src","1"
"MapGenStronghold","fy","MapGenStructure","net/minecraft/src","1"
"ServerWindowAdapter","ab","","net/minecraft/src","1"
"WorldGenDeadBush","kh","WorldGenerator","net/minecraft/src","1"
"ISaveHandler","wd","","net/minecraft/src","1"
"BlockFenceGate","tq","Block","net/minecraft/src","1"
"Packet130UpdateSign","ta","Packet","net/minecraft/src","1"
"WorldProviderEnd","kz","WorldProvider","net/minecraft/src","1"
"ComponentNetherBridgeCrossing3","pk","ComponentNetherBridgePiece","net/minecraft/src","1"
"ItemPainting","xt","Item","net/minecraft/src","1"
"EnchantmentKnockback","pa","Enchantment","net/minecraft/src","1"
"WorldGenDungeons","eu","WorldGenerator","net/minecraft/src","1"
"PlayerHash","ga","","net/minecraft/src","1"
"WorldGenSand","gj","WorldGenerator","net/minecraft/src","1"
"BlockCactus","nx","Block","net/minecraft/src","1"
"PacketCount","vk","","net/minecraft/src","1"
"EntityPlayer","gx","EntityLiving","net/minecraft/src","1"
"BiomeGenBase","jz","","net/minecraft/src","1"
"MaterialLiquid","rd","Material","net/minecraft/src","1"
"SaveConverterMcRegion","hm","SaveFormatOld","net/minecraft/src","1"
"Packet12PlayerLook","ud","Packet10Flying","net/minecraft/src","1"
"ContainerEnchantment","io","Container","net/minecraft/src","1"
"Packet6SpawnPosition","qc","Packet","net/minecraft/src","1"
"BlockBreakable","jm","Block","net/minecraft/src","1"
"ComponentNetherBridgeNetherBrickRoom","fb","ComponentNetherBridgePiece","net/minecraft/src","1"
"BiomeGenSnow","oz","BiomeGenBase","net/minecraft/src","1"
"IChunkProvider","co","","net/minecraft/src","1"
"TileEntityEndPortal","ci","TileEntity","net/minecraft/src","1"
"EntityXPOrb","cn","Entity","net/minecraft/src","1"
"ComponentStrongholdPortalRoom","ld","ComponentStronghold","net/minecraft/src","1"
"StructureBoundingBox","uy","","net/minecraft/src","1"
"BlockMushroom","sc","BlockFlower","net/minecraft/src","1"
"EntityDragon","sv","EntityDragonBase","net/minecraft/src","1"
"WorldGenLakes","dm","WorldGenerator","net/minecraft/src","1"
"IUpdatePlayerListBox","fd","","net/minecraft/src","1"
"RConThreadBase","ur","","net/minecraft/src","1"
"WorldGenLiquids","wu","WorldGenerator","net/minecraft/src","1"
"BlockObsidian","fe","BlockStone","net/minecraft/src","1"
"WorldGenTallGrass","ar","WorldGenerator","net/minecraft/src","1"
"Packet13PlayerLookMove","ex","Packet10Flying","net/minecraft/src","1"
"StructureStrongholdPieceWeight3","av","StructureStrongholdPieceWeight","net/minecraft/src","1"
"BlockIce","mt","BlockBreakable","net/minecraft/src","1"
"TileEntityMobSpawner","de","TileEntity","net/minecraft/src","1"
"Packet107CreativeSetSlot","dy","Packet","net/minecraft/src","1"
"PlayerInstance","al","","net/minecraft/src","1"
"ComponentStrongholdStairs2","w","ComponentStrongholdStairs","net/minecraft/src","1"
"EntityWolf","gq","EntityAnimal","net/minecraft/src","1"
"ItemDoor","hy","Item","net/minecraft/src","1"
"WorldInfo","en","","net/minecraft/src","1"
"Packet","kd","","net/minecraft/src","1"
"EntitySnowball","cc","EntityThrowable","net/minecraft/src","1"
"ItemShears","bp","Item","net/minecraft/src","1"
"Entity","rk","","net/minecraft/src","1"
"StructureNetherBridgePieceWeight","ro","","net/minecraft/src","1"
"IChunkLoader","bh","","net/minecraft/src","1"
"EntitySnowmanBase","vw","EntityCreature","net/minecraft/src","1"
"BlockRedstoneOre","bw","Block","net/minecraft/src","1"
"StructureMineshaftPieces","it","","net/minecraft/src","1"
"EnchantmentUntouching","lb","Enchantment","net/minecraft/src","1"
"NBTTagDouble","rs","NBTBase","net/minecraft/src","1"
"BlockDetectorRail","oq","BlockRail","net/minecraft/src","1"
"ChatAllowedCharacters","fw","","net/minecraft/src","1"
"AxisAlignedBB","et","","net/minecraft/src","1"
"WorldGenMinable","fq","WorldGenerator","net/minecraft/src","1"
"ItemBucketMilk","tj","Item","net/minecraft/src","1"
"GenLayerVillageLandscape","sd","GenLayer","net/minecraft/src","1"
"TileEntitySign","xr","TileEntity","net/minecraft/src","1"
"ComponentStrongholdLeftTurn","se","ComponentStronghold","net/minecraft/src","1"
"BlockStone","er","Block","net/minecraft/src","1"
"Packet100OpenWindow","ix","Packet","net/minecraft/src","1"
"ComponentNetherBridgeStairs","mu","ComponentNetherBridgePiece","net/minecraft/src","1"
"ComponentVillageWoodHut","ya","ComponentVillage","net/minecraft/src","1"
"Packet23VehicleSpawn","rl","Packet","net/minecraft/src","1"
"PathPoint","e","","net/minecraft/src","1"
"BiomeGenEnd","ic","BiomeGenBase","net/minecraft/src","1"
"EntitySlime","tk","EntityLiving","net/minecraft/src","1"
"Packet102WindowClick","pu","Packet","net/minecraft/src","1"
"ItemSoup","cd","ItemFood","net/minecraft/src","1"
"WorldGenSwamp","bk","WorldGenerator","net/minecraft/src","1"
"EntityEgg","uw","EntityThrowable","net/minecraft/src","1"
"ThreadLoginVerifier","ep","","net/minecraft/src","1"
"Packet43Experience","kw","Packet","net/minecraft/src","1"
"Packet27Position","pj","Packet","net/minecraft/src","1"
"EnumDoor","pr","","net/minecraft/src","1"
"GenLayerMushroomIsland","kb","GenLayer","net/minecraft/src","1"
"MaterialTransparent","lk","Material","net/minecraft/src","1"
"ISaveFormat","mx","","net/minecraft/src","1"
"ComponentMineshaftCorridor","rw","StructureComponent","net/minecraft/src","1"
"EntityItem","hn","Entity","net/minecraft/src","1"
"GenLayerRiverMix","vt","GenLayer","net/minecraft/src","1"
"NBTTagShort","td","NBTBase","net/minecraft/src","1"
"EnumToolMaterial","by","","net/minecraft/src","1"
"BlockCake","te","Block","net/minecraft/src","1"
"ItemBoat","tx","Item","net/minecraft/src","1"
"BlockPressurePlate","bz","Block","net/minecraft/src","1"
"SpawnListEntry","bl","WeightedRandomChoice","net/minecraft/src","1"
"EntitySkeleton","fz","EntityMob","net/minecraft/src","1"
"BlockFluid","qo","Block","net/minecraft/src","1"
"EnchantmentProtection","qe","Enchantment","net/minecraft/src","1"
"PathEntity","dk","","net/minecraft/src","1"
"BlockSoulSand","nh","Block","net/minecraft/src","1"
"MCHashEntry","vu","","net/minecraft/src","1"
"TileEntityPiston","tc","TileEntity","net/minecraft/src","1"
"BlockJukeBox","fv","BlockContainer","net/minecraft/src","1"
"StepSoundStone","an","StepSound","net/minecraft/src","1"
"ItemSlab","eq","ItemBlock","net/minecraft/src","1"
"Packet42RemoveEntityEffect","mv","Packet","net/minecraft/src","1"
"ItemPiston","pp","ItemBlock","net/minecraft/src","1"
"Packet4UpdateTime","hl","Packet","net/minecraft/src","1"
"EntityDamageSource","hg","DamageSource","net/minecraft/src","1"
"EnumArt","ir","","net/minecraft/src","1"
"Packet29DestroyEntity","qt","Packet","net/minecraft/src","1"
"EnumSkyBlock","eh","","net/minecraft/src","1"
"GuiStatsComponent","kn","","net/minecraft/src","1"
"CompressedStreamTools","ax","","net/minecraft/src","1"
"BiomeCacheBlock","sy","","net/minecraft/src","1"
"ThreadedChunkLoader","oa","","net/minecraft/src","1"
"EntitySpider","cq","EntityMob","net/minecraft/src","1"
"StructureVillageStart","ge","StructureStart","net/minecraft/src","1"
"EntityMinecart","xs","Entity","net/minecraft/src","1"
"ItemSnowball","dn","Item","net/minecraft/src","1"
"EntityAnimal","bi","EntityCreature","net/minecraft/src","1"
"EntityPotion","bs","EntityThrowable","net/minecraft/src","1"
"IMob","fi","","net/minecraft/src","1"
"BlockDoor","ks","Block","net/minecraft/src","1"
"WatchableObject","lr","","net/minecraft/src","1"
"BlockCrops","mr","BlockFlower","net/minecraft/src","1"
"RecipesIngots","sh","","net/minecraft/src","1"
"MapDataBase","hq","","net/minecraft/src","1"
"StepSound","db","","net/minecraft/src","1"
"Packet7UseEntity","a","Packet","net/minecraft/src","1"
"RConUtils","im","","net/minecraft/src","1"
"Packet105UpdateProgressbar","mh","Packet","net/minecraft/src","1"
"ItemVine","wj","ItemBlock","net/minecraft/src","1"
"BiomeGenMushroomIsland","in","BiomeGenBase","net/minecraft/src","1"
"ItemLog","jk","ItemBlock","net/minecraft/src","1"
"SlotCrafting","yd","Slot","net/minecraft/src","1"
"MapStorage","hd","","net/minecraft/src","1"
"RConConsoleSource","vg","","net/minecraft/src","1"
"StructureStrongholdPieceWeight","ri","","net/minecraft/src","1"
"WorldGenFire","wy","WorldGenerator","net/minecraft/src","1"
"BlockStep","xx","Block","net/minecraft/src","1"
"ThreadCommandReader","cy","","net/minecraft/src","1"
"StatBasic","xk","StatBase","net/minecraft/src","1"
"BlockRedstoneWire","rj","Block","net/minecraft/src","1"
"BlockGrass","vy","Block","net/minecraft/src","1"
"Explosion","pw","","net/minecraft/src","1"
"ComponentStrongholdPrison","oe","ComponentStronghold","net/minecraft/src","1"
"ItemEgg","lx","Item","net/minecraft/src","1"
"StructureVillagePieces","xo","","net/minecraft/src","1"
"BlockRail","oi","Block","net/minecraft/src","1"
"ComponentVillageChurch","nz","ComponentVillage","net/minecraft/src","1"
"ComponentNetherBridgeThrone","va","ComponentNetherBridgePiece","net/minecraft/src","1"
"MapGenRavine","wl","MapGenBase","net/minecraft/src","1"
"BlockOre","md","Block","net/minecraft/src","1"
"BiomeGenPlains","ms","BiomeGenBase","net/minecraft/src","1"
"DataWatcher","sr","","net/minecraft/src","1"
"PotionHelper","kk","","net/minecraft/src","1"
"Packet20NamedEntitySpawn","lu","Packet","net/minecraft/src","1"
"SlotBrewingStandIngredient","dd","Slot","net/minecraft/src","1"
"ItemCoal","qv","Item","net/minecraft/src","1"
"EntityEnderEye","ck","Entity","net/minecraft/src","1"
"Packet3Chat","on","Packet","net/minecraft/src","1"
"TileEntityBrewingStand","xu","TileEntity","net/minecraft/src","1"
"BlockMycelium","xf","Block","net/minecraft/src","1"
"EntityGiantZombie","nd","EntityMob","net/minecraft/src","1"
"RConThreadQuery","ss","RConThreadBase","net/minecraft/src","1"
"Packet38EntityStatus","je","Packet","net/minecraft/src","1"
"ItemArmor","vc","Item","net/minecraft/src","1"
"EnumAction","jd","","net/minecraft/src","1"
"ItemInWorldManager","tl","","net/minecraft/src","1"
"ComponentStrongholdStairs","ie","ComponentStronghold","net/minecraft/src","1"
"Packet33RelEntityMoveLook","pc","Packet30Entity","net/minecraft/src","1"
"AchievementMap","b","","net/minecraft/src","1"
"Potion","ip","","net/minecraft/src","1"
"ComponentVillageTorch","oc","ComponentVillage","net/minecraft/src","1"
"BlockSand","gt","Block","net/minecraft/src","1"
"StructureStrongholdStones","ub","StructurePieceBlockSelector","net/minecraft/src","1"
"WorldGenPumpkin","wi","WorldGenerator","net/minecraft/src","1"
"NBTTagCompound","ne","NBTBase","net/minecraft/src","1"
"WorldGenGlowStone2","rc","WorldGenerator","net/minecraft/src","1"
"Packet41EntityEffect","dx","Packet","net/minecraft/src","1"
"ComponentMineshaftCross","mw","StructureComponent","net/minecraft/src","1"
"ICrafting","ei","","net/minecraft/src","1"
"ItemFishingRod","da","Item","net/minecraft/src","1"
"EntitySquid","wz","EntityWaterMob","net/minecraft/src","1"
"BiomeGenForest","qb","BiomeGenBase","net/minecraft/src","1"
"EntityCaveSpider","hj","EntitySpider","net/minecraft/src","1"
"MapGenCavesHell","os","MapGenBase","net/minecraft/src","1"
"NBTTagFloat","q","NBTBase","net/minecraft/src","1"
"PotionEffect","wt","","net/minecraft/src","1"
"ComponentStrongholdStraight","nr","ComponentStronghold","net/minecraft/src","1"
"ComponentNetherBridgePiece","jf","StructureComponent","net/minecraft/src","1"
"TileEntityFurnace","rg","TileEntity","net/minecraft/src","1"
"EntityLiving","li","Entity","net/minecraft/src","1"
"LayerIsland","oh","GenLayer","net/minecraft/src","1"
"ServerConfigurationManager","ht","","net/minecraft/src","1"
"IInvBasic","hx","","net/minecraft/src","1"
"TileEntityEnchantmentTable","cj","TileEntity","net/minecraft/src","1"
"ChunkLoader","sg","","net/minecraft/src","1"
"GenLayerIsland","cg","GenLayer","net/minecraft/src","1"
"BlockWeb","qn","Block","net/minecraft/src","1"
"ItemSapling","mb","ItemBlock","net/minecraft/src","1"
"ComponentVillageField","p","ComponentVillage","net/minecraft/src","1"
"EmptyChunk","kx","Chunk","net/minecraft/src","1"
"ThreadServerApplication","cu","","net/minecraft/src","1"
"ComponentVillageField2","uz","ComponentVillage","net/minecraft/src","1"
"NBTTagString","wn","NBTBase","net/minecraft/src","1"
"PlayerHashEntry","pt","","net/minecraft/src","1"
"ChunkBlockMap","ug","","net/minecraft/src","1"
"GenLayerRiver","hp","GenLayer","net/minecraft/src","1"
"ShapelessRecipes","sm","","net/minecraft/src","1"
"BlockSponge","wo","Block","net/minecraft/src","1"
"BlockStem","nn","BlockFlower","net/minecraft/src","1"
"ItemMinecart","qk","Item","net/minecraft/src","1"
"BlockWorkbench","fn","Block","net/minecraft/src","1"
"Packet26EntityExpOrb","or","Packet","net/minecraft/src","1"
"MapGenVillage","ao","MapGenStructure","net/minecraft/src","1"
"BiomeGenRiver","mj","BiomeGenBase","net/minecraft/src","1"
"Packet201PlayerInfo","ee","Packet","net/minecraft/src","1"
"EntityCreature","ij","EntityLiving","net/minecraft/src","1"
"Teleporter","tf","","net/minecraft/src","1"
"StructureStrongholdPieceWeight2","aw","StructureStrongholdPieceWeight","net/minecraft/src","1"
"MapColor","eb","","net/minecraft/src","1"
"StructureStrongholdPieces","jl","","net/minecraft/src","1"
"RailLogic","ul","","net/minecraft/src","1"
"MapCoord","bb","","net/minecraft/src","1"
"Achievement","ng","StatBase","net/minecraft/src","1"
"TileEntityRecordPlayer","em","TileEntity","net/minecraft/src","1"
"ComponentVillageHouse1","vb","ComponentVillage","net/minecraft/src","1"
"BiomeGenOcean","aq","BiomeGenBase","net/minecraft/src","1"
"NetServerHandler","kr","NetHandler","net/minecraft/src","1"
"MCHash","ju","","net/minecraft/src","1"
"BiomeDecorator","gm","","net/minecraft/src","1"
"ConsoleCommandHandler","rz","","net/minecraft/src","1"
"BlockPistonMoving","th","BlockContainer","net/minecraft/src","1"
"Path","kt","","net/minecraft/src","1"
"RConThreadMain","pb","RConThreadBase","net/minecraft/src","1"
"Item","gu","","net/minecraft/src","1"
"TileEntity","of","","net/minecraft/src","1"
"BlockFlowing","nv","BlockFluid","net/minecraft/src","1"
"ComponentStrongholdChestCorridor","gv","ComponentStronghold","net/minecraft/src","1"
"BlockNetherBrick","xc","BlockFlower","net/minecraft/src","1"
"WorldGenTaiga1","oy","WorldGenerator","net/minecraft/src","1"
"InventoryPlayer","iy","","net/minecraft/src","1"
"Slot","gw","","net/minecraft/src","1"
"ModelBed","jh","","net/minecraft/src","1"
"ItemBed","lf","Item","net/minecraft/src","1"
"Packet108EnchantItem","oo","Packet","net/minecraft/src","1"
"EntityCreeper","gh","EntityMob","net/minecraft/src","1"
"Packet101CloseWindow","lw","Packet","net/minecraft/src","1"
"EntitySmallFireball","uu","EntityFireball","net/minecraft/src","1"
"Packet24MobSpawn","jj","Packet","net/minecraft/src","1"
"WorldManager","fm","","net/minecraft/src","1"
"ItemRedstone","if","Item","net/minecraft/src","1"
"ThreadedChunkLoaderPending","xn","","net/minecraft/src","1"
"Packet14BlockDig","js","Packet","net/minecraft/src","1"
"MapInfo","rf","","net/minecraft/src","1"
"ItemTool","dv","Item","net/minecraft/src","1"
"Container","ea","","net/minecraft/src","1"
"EntityPig","vo","EntityAnimal","net/minecraft/src","1"
"EnchantmentDurability","ef","Enchantment","net/minecraft/src","1"
"EntityMagmaCube","sj","EntitySlime","net/minecraft/src","1"
"EntityFish","lo","Entity","net/minecraft/src","1"
"Packet5PlayerInventory","r","Packet","net/minecraft/src","1"
"BlockBrewingStand","fg","BlockContainer","net/minecraft/src","1"
"NoiseGeneratorOctaves","st","NoiseGenerator","net/minecraft/src","1"
"ItemBlock","cl","Item","net/minecraft/src","1"
"BlockPumpkin","ff","Block","net/minecraft/src","1"
"Packet30Entity","sw","Packet","net/minecraft/src","1"
"StructureNetherBridgePieces","ls","","net/minecraft/src","1"
"InventoryBasic","po","","net/minecraft/src","1"
"ItemFood","yc","Item","net/minecraft/src","1"
"EnchantmentOxygen","uq","Enchantment","net/minecraft/src","1"
"EnchantmentWaterWorker","xe","Enchantment","net/minecraft/src","1"
"EntityThrowable","bc","Entity","net/minecraft/src","1"
"Packet255KickDisconnect","xw","Packet","net/minecraft/src","1"
"StatCrafting","sq","StatBase","net/minecraft/src","1"
"ItemBow","pz","Item","net/minecraft/src","1"
"WorldGenBigTree","ik","WorldGenerator","net/minecraft/src","1"
"ItemSeeds","qj","Item","net/minecraft/src","1"
"SlotBrewingStandPotion","lh","Slot","net/minecraft/src","1"
"WorldGenGlowStone1","gl","WorldGenerator","net/minecraft/src","1"
"IServer","vm","","net/minecraft/src","1"
"PlayerListBox","m","","net/minecraft/src","1"
"RecipesFood","nm","","net/minecraft/src","1"
"ContainerDispenser","re","Container","net/minecraft/src","1"
"BlockSnowBlock","ac","Block","net/minecraft/src","1"
"ComponentNetherBridgeEntrance","ts","ComponentNetherBridgePiece","net/minecraft/src","1"
"PlayerManager","wf","","net/minecraft/src","1"
"EntityGhast","bv","EntityFlying","net/minecraft/src","1"
"NBTTagLong","lv","NBTBase","net/minecraft/src","1"
"Empty3","ok","","net/minecraft/src","1"
"Packet131MapData","aj","Packet","net/minecraft/src","1"
"StructureNetherBridgeEnd","km","ComponentNetherBridgePiece","net/minecraft/src","1"
"EntityArrow","rh","Entity","net/minecraft/src","1"
"RegionFile","ph","","net/minecraft/src","1"
"ServerGuiCommandListener","ad","","net/minecraft/src","1"
"BlockRedstoneTorch","df","BlockTorch","net/minecraft/src","1"
"BlockButton","nq","Block","net/minecraft/src","1"
"BlockBed","ty","Block","net/minecraft/src","1"
"NoiseGeneratorPerlin","ap","NoiseGenerator","net/minecraft/src","1"
"StatCollector","dr","","net/minecraft/src","1"
"GenLayer","ek","","net/minecraft/src","1"
"RegionFileCache","qi","","net/minecraft/src","1"
"ItemSpade","ve","ItemTool","net/minecraft/src","1"
"ComponentMineshaftRoom","h","StructureComponent","net/minecraft/src","1"
"EnumArmorMaterial","cx","","net/minecraft/src","1"
"ComponentVillageHouse4_Garden","gn","ComponentVillage","net/minecraft/src","1"
"ComponentNetherBridgeCorridor5","nc","ComponentNetherBridgePiece","net/minecraft/src","1"
"NBTTagEnd","kv","NBTBase","net/minecraft/src","1"
"EnchantmentData","ol","WeightedRandomChoice","net/minecraft/src","1"
"GenLayerRiverInit","mn","GenLayer","net/minecraft/src","1"
"IStatType","vq","","net/minecraft/src","1"
"BlockPistonBase","jn","Block","net/minecraft/src","1"
"Packet8UpdateHealth","ev","Packet","net/minecraft/src","1"
"GuiLogFormatter","ia","","net/minecraft/src","1"
"CraftingManager","ho","","net/minecraft/src","1"
"FurnaceRecipes","fa","","net/minecraft/src","1"
"EntityTracker","ue","","net/minecraft/src","1"
"ComponentStrongholdStairsStraight","ni","ComponentStronghold","net/minecraft/src","1"
"EnumMovingObjectType","jg","","net/minecraft/src","1"
"ConsoleLogFormatter","vv","","net/minecraft/src","1"
"NBTTagByte","pq","NBTBase","net/minecraft/src","1"
"EnchantmentLootBonus","oj","Enchantment","net/minecraft/src","1"
"WorldGenForest","l","WorldGenerator","net/minecraft/src","1"
"StructureComponent","jv","","net/minecraft/src","1"
"BlockDirt","ny","Block","net/minecraft/src","1"
"EntityPlayerMP","fk","EntityPlayer","net/minecraft/src","1"
"ServerCommand","ay","","net/minecraft/src","1"
"WeightedRandom","tu","","net/minecraft/src","1"
"BlockCloth","ej","Block","net/minecraft/src","1"
"DamageSource","pm","","net/minecraft/src","1"
"Packet15Place","gy","Packet","net/minecraft/src","1"
"Packet18Animation","my","Packet","net/minecraft/src","1"
"ComponentNetherBridgeCorridor","lm","ComponentNetherBridgePiece","net/minecraft/src","1"
"RecipesCrafting","jw","","net/minecraft/src","1"
"TileEntityNote","sf","TileEntity","net/minecraft/src","1"
"ShapedRecipes","iv","","net/minecraft/src","1"
"WorldSettings","he","","net/minecraft/src","1"
"EnumStatus","dc","","net/minecraft/src","1"
"EntityLightningBolt","d","EntityWeatherEffect","net/minecraft/src","1"
"StructurePieceTreasure","hz","WeightedRandomChoice","net/minecraft/src","1"
"GenLayerSmoothZoom","lg","GenLayer","net/minecraft/src","1"
"EntityMooshroom","sb","EntityCow","net/minecraft/src","1"
"BlockFarmland","uj","Block","net/minecraft/src","1"
"ItemEnderPearl","kc","Item","net/minecraft/src","1"
"WorldProviderSurface","qg","WorldProvider","net/minecraft/src","1"
"RecipesDyes","mm","","net/minecraft/src","1"
"IThreadedFileIO","gk","","net/minecraft/src","1"
"Packet103SetSlot","hv","Packet","net/minecraft/src","1"
"Packet34EntityTeleport","qf","Packet","net/minecraft/src","1"
"NBTTagInt","ov","NBTBase","net/minecraft/src","1"
"Packet53BlockChange","sp","Packet","net/minecraft/src","1"
"SlotArmor","ox","Slot","net/minecraft/src","1"
"GuiLogOutputHandler","dt","","net/minecraft/src","1"
"Profiler","pd","","net/minecraft/src","1"
"World","fh","","net/minecraft/src","1"
"IWorldAccess","ou","","net/minecraft/src","1"
"EntityWeatherEffect","ye","Entity","net/minecraft/src","1"
"EntityTrackerEntry","hw","","net/minecraft/src","1"
"GenLayerZoom","eg","GenLayer","net/minecraft/src","1"
"EntitySheep","do","EntityAnimal","net/minecraft/src","1"
"ChunkCache","ez","","net/minecraft/src","1"
"Packet19EntityAction","sn","Packet","net/minecraft/src","1"
"INpc","up","","net/minecraft/src","1"
"MapGenWaterlily","mq","WorldGenerator","net/minecraft/src","1"
"IntCache","af","","net/minecraft/src","1"
"EntityVillage","fl","EntityCreature","net/minecraft/src","1"
"ChunkCoordIntPair","yf","","net/minecraft/src","1"
"ComponentVillageHouse2","di","ComponentVillage","net/minecraft/src","1"
"ItemReed","ll","Item","net/minecraft/src","1"
"ItemGlassBottle","su","Item","net/minecraft/src","1"
"BlockContainer","qu","Block","net/minecraft/src","1"
"GenLayerSmooth","hf","GenLayer","net/minecraft/src","1"
"Packet52MultiBlockChange","wg","Packet","net/minecraft/src","1"
"NetworkMasterThread","wp","","net/minecraft/src","1"
"BlockMelon","fj","Block","net/minecraft/src","1"
"BlockChest","f","BlockContainer","net/minecraft/src","1"
"EnchantmentModifierLiving","xm","","net/minecraft/src","1"
"ComponentStronghold","ha","StructureComponent","net/minecraft/src","1"
"BlockStairs","rp","Block","net/minecraft/src","1"
"Packet21PickupSpawn","ml","Packet","net/minecraft/src","1"
"BlockClay","qx","Block","net/minecraft/src","1"
"SlotEnchantmentTable","x","InventoryBasic","net/minecraft/src","1"
"RecipeSorter","kl","","net/minecraft/src","1"
"StructureNetherBridgeStart","bd","StructureStart","net/minecraft/src","1"
"Vec3D","bx","","net/minecraft/src","1"
"Packet25EntityPainting","uv","Packet","net/minecraft/src","1"
"IAnimals","ah","","net/minecraft/src","1"
"Packet16BlockItemSwitch","hu","Packet","net/minecraft/src","1"
"NBTBase","ii","","net/minecraft/src","1"
"ContainerBrewingStand","jc","Container","net/minecraft/src","1"
"ItemDye","ke","Item","net/minecraft/src","1"
"Packet104WindowItems","jy","Packet","net/minecraft/src","1"
"PotionHealth","tp","Potion","net/minecraft/src","1"
"EntitySnowman","u","EntitySnowmanBase","net/minecraft/src","1"
"PlayerNBTManager","fr","","net/minecraft/src","1"
"BlockFire","xv","Block","net/minecraft/src","1"
"BiomeCache","tw","","net/minecraft/src","1"
"ComponentStrongholdCorridor","nk","ComponentStronghold","net/minecraft/src","1"
"NetworkAcceptThread","qw","","net/minecraft/src","1"
"BlockTorch","uk","Block","net/minecraft/src","1"
"StepSoundSand","ak","StepSound","net/minecraft/src","1"
"EnchantmentDamage","kj","Enchantment","net/minecraft/src","1"
"BlockEnchantmentTable","gp","BlockContainer","net/minecraft/src","1"
"BiomeEndDecorator","lt","BiomeDecorator","net/minecraft/src","1"
"ThreadSleepForever","cz","","net/minecraft/src","1"
"WorldGenerator","op","","net/minecraft/src","1"
"BlockGlass","fp","BlockBreakable","net/minecraft/src","1"
"ComponentNetherBridgeStartPiece","pi","ComponentNetherBridgeCrossing3","net/minecraft/src","1"
"WorldServerMulti","gr","WorldServer","net/minecraft/src","1"
"NetHandler","sa","","net/minecraft/src","1"
"EntitySilverfish","vi","EntityMob","net/minecraft/src","1"
"EnchantmentFireAspect","la","Enchantment","net/minecraft/src","1"
"ConvertProgressUpdater","cv","","net/minecraft/src","1"
"Packet39AttachEntity","na","Packet","net/minecraft/src","1"
"Packet50PreChunk","rb","Packet","net/minecraft/src","1"
"ComponentNetherBridgeCorridor3","yb","ComponentNetherBridgePiece","net/minecraft/src","1"
"EnumCreatureType","ky","","net/minecraft/src","1"
"SlotFurnace","uo","Slot","net/minecraft/src","1"
"WorldGenCactus","gd","WorldGenerator","net/minecraft/src","1"
"StatList","ji","","net/minecraft/src","1"
"Packet70Bed","ce","Packet","net/minecraft/src","1"
"ChunkFile","ed","","net/minecraft/src","1"
"GenLayerZoomVoronoi","ka","GenLayer","net/minecraft/src","1"
"MapGenMineshaft","xd","MapGenStructure","net/minecraft/src","1"
"NoiseGenerator","dj","","net/minecraft/src","1"
"WorldGenHellLava","pe","WorldGenerator","net/minecraft/src","1"
"Packet11PlayerPosition","ag","Packet10Flying","net/minecraft/src","1"
"MathHelper","il","","net/minecraft/src","1"
"BiomeGenHell","v","BiomeGenBase","net/minecraft/src","1"
"EntityMob","gz","EntityCreature","net/minecraft/src","1"
"BlockSandStone","qd","Block","net/minecraft/src","1"
"TileEntityDispenser","be","TileEntity","net/minecraft/src","1"
"ItemLeaves","tn","ItemBlock","net/minecraft/src","1"
"ContainerChest","cf","Container","net/minecraft/src","1"
"BlockReed","qh","Block","net/minecraft/src","1"
"ComponentNetherBridgeCrossing2","xi","ComponentNetherBridgePiece","net/minecraft/src","1"
"Packet254ServerPing","dw","Packet","net/minecraft/src","1"
"Chunk","lc","","net/minecraft/src","1"
"GenLayerShore","iq","GenLayer","net/minecraft/src","1"
"StructureStrongholdStart","uh","StructureStart","net/minecraft/src","1"
"EnumMobType","qr","","net/minecraft/src","1"
"NBTTagList","rm","NBTBase","net/minecraft/src","1"
"GenLayerTemperature","pf","GenLayer","net/minecraft/src","1"
"EnchantmentModifierDamage","kp","","net/minecraft/src","1"
"ItemSword","pg","Item","net/minecraft/src","1"
"ConsoleLogManager","hk","","net/minecraft/src","1"
"WorldProviderHell","vh","WorldProvider","net/minecraft/src","1"
"TileEntityChest","jq","TileEntity","net/minecraft/src","1"
"WorldGenBigMushroom","vf","WorldGenerator","net/minecraft/src","1"
"BlockSapling","hi","BlockFlower","net/minecraft/src","1"
"Packet71Weather","fc","Packet","net/minecraft/src","1"
"WorldGenTrees","xp","WorldGenerator","net/minecraft/src","1"
"GenLayerZoomFuzzy","wb","GenLayer","net/minecraft/src","1"
"Packet32EntityLook","qz","Packet30Entity","net/minecraft/src","1"
"IInventory","ln","","net/minecraft/src","1"
"StructureStart","to","","net/minecraft/src","1"
"ContainerFurnace","bo","Container","net/minecraft/src","1"
"NetworkWriterThread","ws","","net/minecraft/src","1"
"GenLayerDownfallMix","sx","GenLayer","net/minecraft/src","1"
"ItemBucket","bf","Item","net/minecraft/src","1"
"BlockLog","uc","Block","net/minecraft/src","1"
"StatBase","us","","net/minecraft/src","1"
"DragonPart","ec","Entity","net/minecraft/src","1"
"BlockOreStorage","n","Block","net/minecraft/src","1"
"NetworkListenThread","eo","","net/minecraft/src","1"
"WeightedRandomChoice","cp","","net/minecraft/src","1"
"RecipesWeapons","wm","","net/minecraft/src","1"
"ComponentVillageHouse3","gg","ComponentVillage","net/minecraft/src","1"
"EntityChicken","wh","EntityAnimal","net/minecraft/src","1"
"PlayerCapabilities","vs","","net/minecraft/src","1"
"ItemPickaxe","ba","ItemTool","net/minecraft/src","1"
"IEnchantmentModifier","y","","net/minecraft/src","1"
"ChunkCoordinates","bu","","net/minecraft/src","1"
"BlockVine","nu","Block","net/minecraft/src","1"
"ChunkFolderPattern","cm","","net/minecraft/src","1"
"AchievementList","es","","net/minecraft/src","1"
"IRecipe","dz","","net/minecraft/src","1"
"ChunkProviderHell","pn","","net/minecraft/src","1"
"WorldChunkManagerHell","hh","WorldChunkManager","net/minecraft/src","1"
"BlockGravel","mk","BlockSand","net/minecraft/src","1"
"ItemAxe","rr","ItemTool","net/minecraft/src","1"
"EntityZombie","tr","EntityMob","net/minecraft/src","1"
"EntityEnderPearl","nb","EntityThrowable","net/minecraft/src","1"
"ChunkProvider","nt","","net/minecraft/src","1"
"ItemSign","tv","Item","net/minecraft/src","1"
"EnumEnchantmentType","pl","","net/minecraft/src","1"
"EntityWaterMob","at","EntityCreature","net/minecraft/src","1"
"WorldGenReed","is","WorldGenerator","net/minecraft/src","1"
"StructureMineshaftStart","vj","StructureStart","net/minecraft/src","1"
"Packet17Sleep","jx","Packet","net/minecraft/src","1"
"ItemCloth","bj","ItemBlock","net/minecraft/src","1"
"BlockPortal","am","BlockBreakable","net/minecraft/src","1"
"BlockTrapDoor","nw","Block","net/minecraft/src","1"
"ItemMap","wa","ItemMapBase","net/minecraft/src","1"
"EntityTNTPrimed","px","Entity","net/minecraft/src","1"
"RConThreadQueryAuth","g","","net/minecraft/src","1"
"EntityPainting","pv","Entity","net/minecraft/src","1"
"Packet22Collect","dl","Packet","net/minecraft/src","1"
"BlockBookshelf","hc","Block","net/minecraft/src","1"
"ItemAppleGold","xy","ItemFood","net/minecraft/src","1"
"BlockFurnace","ru","BlockContainer","net/minecraft/src","1"
"WorldProvider","wk","","net/minecraft/src","1"
"BlockSnow","jp","Block","net/minecraft/src","1"
"BlockEndPortalFrame","xz","Block","net/minecraft/src","1"
"BlockLever","wx","Block","net/minecraft/src","1"
"ComponentNetherBridgeCrossing","ut","ComponentNetherBridgePiece","net/minecraft/src","1"
"Packet10Flying","ih","Packet","net/minecraft/src","1"
"StatTypeDistance","bn","","net/minecraft/src","1"
"RecipesTools","hb","","net/minecraft/src","1"
"BlockLilyPad","gi","BlockFlower","net/minecraft/src","1"
"GenLayerDownfall","ui","GenLayer","net/minecraft/src","1"
"InventoryLargeChest","np","","net/minecraft/src","1"
"MapGenBase","gb","","net/minecraft/src","1"
"BlockSign","tb","BlockContainer","net/minecraft/src","1"
"NetLoginHandler","go","NetHandler","net/minecraft/src","1"
"BlockMushroomCap","un","Block","net/minecraft/src","1"
"MaterialLogic","as","Material","net/minecraft/src","1"
"ComponentStrongholdRoomCrossing","ki","ComponentStronghold","net/minecraft/src","1"
"BlockCauldron","fu","Block","net/minecraft/src","1"
"BiomeGenSwamp","rx","BiomeGenBase","net/minecraft/src","1"
"RConOutputStream","ey","","net/minecraft/src","1"
"GuiStatsListener","lj","","net/minecraft/src","1"
"Packet200Statistic","no","Packet","net/minecraft/src","1"
"SpawnerAnimals","cs","","net/minecraft/src","1"
"WorldGenTaiga2","wc","WorldGenerator","net/minecraft/src","1"
"BlockSilverfish","ps","Block","net/minecraft/src","1"
"ContainerWorkbench","iu","Container","net/minecraft/src","1"
"NetworkManager","om","","net/minecraft/src","1"
"PropertyManager","qq","","net/minecraft/src","1"
"ComponentVillageWell","ot","ComponentVillage","net/minecraft/src","1"
"ContainerPlayer","aa","Container","net/minecraft/src","1"
"EntityFireball","ch","Entity","net/minecraft/src","1"
"WorldChunkManager","xb","","net/minecraft/src","1"
"ComponentVillageHall","s","ComponentVillage","net/minecraft/src","1"
"BlockDeadBush","ja","BlockFlower","net/minecraft/src","1"
"ItemSaddle","qy","Item","net/minecraft/src","1"
"EnchantmentHelper","sz","","net/minecraft/src","1"
"StatTypeSimple","bt","","net/minecraft/src","1"
"Packet61DoorChange","ft","Packet","net/minecraft/src","1"
"EntityCow","ca","EntityAnimal","net/minecraft/src","1"
"Empty2","id","","net/minecraft/src","1"
"Enchantment","mo","","net/minecraft/src","1"
"MapGenNetherBridge","kf","MapGenStructure","net/minecraft/src","1"
"BlockDispenser","ww","BlockContainer","net/minecraft/src","1"
"BiomeGenTaiga","i","BiomeGenBase","net/minecraft/src","1"
"BlockPane","we","Block","net/minecraft/src","1"
"BlockEndPortal","t","BlockContainer","net/minecraft/src","1"
"Packet51MapChunk","el","Packet","net/minecraft/src","1"
"ComponentVillageRoadPiece","cw","ComponentVillage","net/minecraft/src","1"
"Packet9Respawn","og","Packet","net/minecraft/src","1"
"ItemMapBase","cr","Item","net/minecraft/src","1"
"NibbleArray","vn","","net/minecraft/src","1"
"BlockStoneBrick","qa","Block","net/minecraft/src","1"
"EntityBoat","gf","Entity","net/minecraft/src","1"
"Block","ti","","net/minecraft/src","1"
"Packet40EntityMetadata","tm","Packet","net/minecraft/src","1"
"ComponentNetherBridgeCorridor4","mi","ComponentNetherBridgePiece","net/minecraft/src","1"
"Pathfinder","gc","","net/minecraft/src","1"
"ComponentNetherBridgeCorridor2","dh","ComponentNetherBridgePiece","net/minecraft/src","1"
"EntityBlaze","mf","EntityMob","net/minecraft/src","1"
"MapData","iw","MapDataBase","net/minecraft/src","1"
"BlockFlower","vd","Block","net/minecraft/src","1"
"StringTranslate","mp","","net/minecraft/src","1"
"ThreadMonitorConnection","wq","","net/minecraft/src","1"
"ServerGUI","tt","","net/minecraft/src","1"
"ICommandListener","ry","","net/minecraft/src","1"
"BlockMobSpawner","dg","BlockContainer","net/minecraft/src","1"
"Packet0KeepAlive","lq","Packet","net/minecraft/src","1"
"Packet60Explosion","ql","Packet","net/minecraft/src","1"
"MinecraftException","tg","","net/minecraft/src","1"
"RConThreadClient","o","RConThreadBase","net/minecraft/src","1"
"FoodStats","ra","","net/minecraft/src","1"
"ItemFlintAndSteel","xj","Item","net/minecraft/src","1"
"WorldGenSpikes","nl","WorldGenerator","net/minecraft/src","1"
"RedstoneUpdateInfo","xa","","net/minecraft/src","1"
"SlotEnchantment","c","Slot","net/minecraft/src","1"
"EntityDamageSourceIndirect","hs","EntityDamageSource","net/minecraft/src","1"
"StructurePieceBlockSelector","cb","","net/minecraft/src","1"
"MapGenCaves","rn","MapGenBase","net/minecraft/src","1"
"ChunkProviderServer","ku","","net/minecraft/src","1"
"EntityList","jb","","net/minecraft/src","1"
"BlockPistonExtension","k","Block","net/minecraft/src","1"
"ChunkProviderEnd","fx","","net/minecraft/src","1"
"ComponentMineshaftStairs","ko","StructureComponent","net/minecraft/src","1"
"BlockGlowStone","lp","Block","net/minecraft/src","1"
"WorldServer","fo","World","net/minecraft/src","1"
"ServerGuiFocusAdapter","ae","","net/minecraft/src","1"
"GenLayerTemperatureMix","dp","GenLayer","net/minecraft/src","1"
"NBTTagByteArray","hr","NBTBase","net/minecraft/src","1"
"PistonBlockTextures","vp","","net/minecraft/src","1"
"ComponentVillageStartPiece","j","ComponentVillageWell","net/minecraft/src","1"
"ComponentStrongholdLibrary","me","ComponentStronghold","net/minecraft/src","1"
"ChunkProviderGenerate","xl","","net/minecraft/src","1"
"WorldGenClay","mc","WorldGenerator","net/minecraft/src","1"
"BlockLadder","ds","Block","net/minecraft/src","1"
"MinecraftServer","MinecraftServer","","net/minecraft/server","1"
