"name","notch","supername","package","side"
"GuiConnectFailed","en","GuiScreen","net/minecraft/src","0"
"ScreenShotHelper","gx","","net/minecraft/src","0"
"RenderCow","tt","RenderLiving","net/minecraft/src","0"
"J_FieldNodeContainer","mf","","net/minecraft/src","0"
"RenderGiantZombie","ww","RenderLiving","net/minecraft/src","0"
"Pathfinder","fl","","net/minecraft/src","0"
"GuiSlotStatsItem","cb","GuiSlotStats","net/minecraft/src","0"
"GuiSlotStatsGeneral","rq","GuiSlot","net/minecraft/src","0"
"Tessellator","na","","net/minecraft/src","0"
"TileEntitySign","xa","TileEntity","net/minecraft/src","0"
"RenderTNTPrimed","nq","Render","net/minecraft/src","0"
"NetworkWriterThread","wb","","net/minecraft/src","0"
"ItemSaddle","qx","Item","net/minecraft/src","0"
"SpawnerAnimals","ci","","net/minecraft/src","0"
"TileEntityChest","iy","TileEntity","net/minecraft/src","0"
"BlockFlower","uu","Block","net/minecraft/src","0"
"AchievementMap","b","","net/minecraft/src","0"
"MapGenCavesHell","ol","MapGenBase","net/minecraft/src","0"
"J_JsonNodeSelector","iz","","net/minecraft/src","0"
"ShapedRecipes","id","","net/minecraft/src","0"
"RenderPainting","dp","Render","net/minecraft/src","0"
"EntitySpider","cg","EntityMob","net/minecraft/src","0"
"ChunkFile","dq","","net/minecraft/src","0"
"BlockStairs","ro","Block","net/minecraft/src","0"
"Packet104WindowItems","jh","Packet","net/minecraft/src","0"
"GameWindowListener","jv","","net/minecraft/src","0"
"BlockLog","tz","Block","net/minecraft/src","0"
"TileEntityNote","sj","TileEntity","net/minecraft/src","0"
"Container","do","","net/minecraft/src","0"
"GuiGameOver","ca","GuiScreen","net/minecraft/src","0"
"GuiButton","jk","Gui","net/minecraft/src","0"
"J_JsonStringNode","pb","J_JsonNode","net/minecraft/src","0"
"BiomeGenForest","qb","BiomeGenBase","net/minecraft/src","0"
"MinecraftImpl","ju","Minecraft","net/minecraft/src","0"
"WorldGenClay","lv","WorldGenerator","net/minecraft/src","0"
"RecipesTools","gp","","net/minecraft/src","0"
"TexturePackDefault","ob","TexturePackBase","net/minecraft/src","0"
"EntityFX","wm","Entity","net/minecraft/src","0"
"InventoryPlayer","ih","","net/minecraft/src","0"
"McRegionChunkLoader","kh","","net/minecraft/src","0"
"MapGenBase","fk","","net/minecraft/src","0"
"NoiseGenerator2","bv","","net/minecraft/src","0"
"GuiSleepMP","fw","GuiChat","net/minecraft/src","0"
"ItemSpade","uv","ItemTool","net/minecraft/src","0"
"WorldGenCactus","fm","WorldGenerator","net/minecraft/src","0"
"StatTypeTime","bh","","net/minecraft/src","0"
"ItemHoe","ke","Item","net/minecraft/src","0"
"RenderSnowball","cy","Render","net/minecraft/src","0"
"BlockTorch","uf","Block","net/minecraft/src","0"
"RenderBoat","eu","Render","net/minecraft/src","0"
"EntityPortalFX","ns","EntityFX","net/minecraft/src","0"
"BlockSoulSand","ne","Block","net/minecraft/src","0"
"Packet34EntityTeleport","qg","Packet","net/minecraft/src","0"
"WorldProviderHell","uw","WorldProvider","net/minecraft/src","0"
"RenderManager","sd","","net/minecraft/src","0"
"SaveOldDir","lz","SaveHandler","net/minecraft/src","0"
"Packet9Respawn","ny","Packet","net/minecraft/src","0"
"WorldGenGlowStone2","rc","WorldGenerator","net/minecraft/src","0"
"BiomeGenHell","s","BiomeGenBase","net/minecraft/src","0"
"EntityArrow","rh","Entity","net/minecraft/src","0"
"WorldGenFlowers","ay","WorldGenerator","net/minecraft/src","0"
"RenderChicken","ia","RenderLiving","net/minecraft/src","0"
"Packet50PreChunk","rb","Packet","net/minecraft/src","0"
"CanvasMojangLogo","fn","","net/minecraft/src","0"
"MaterialLogic","am","Material","net/minecraft/src","0"
"GuiAchievement","un","Gui","net/minecraft/src","0"
"SaveConverterMcRegion","gw","SaveFormatOld","net/minecraft/src","0"
"RenderEngine","ip","","net/minecraft/src","0"
"PanelCrashReport","bu","","net/minecraft/src","0"
"NetClientHandler","mg","NetHandler","net/minecraft/src","0"
"BlockPortal","ah","BlockBreakable","net/minecraft/src","0"
"MathHelper","hy","","net/minecraft/src","0"
"TextureFX","as","","net/minecraft/src","0"
"GameSettings","jz","","net/minecraft/src","0"
"BlockDirt","nv","Block","net/minecraft/src","0"
"PositionTextureVertex","hm","","net/minecraft/src","0"
"MouseHelper","ur","","net/minecraft/src","0"
"CanvasIsomPreview","ax","","net/minecraft/src","0"
"RenderSlime","lp","RenderLiving","net/minecraft/src","0"
"IInvBasic","hi","","net/minecraft/src","0"
"BlockNote","ou","BlockContainer","net/minecraft/src","0"
"SaveFormatComparator","tu","","net/minecraft/src","0"
"StatTypeDistance","bg","","net/minecraft/src","0"
"RenderCreeper","l","RenderLiving","net/minecraft/src","0"
"GuiUnused","bx","GuiScreen","net/minecraft/src","0"
"Packet16BlockItemSwitch","hb","Packet","net/minecraft/src","0"
"ThreadSleepForever","jm","","net/minecraft/src","0"
"TexturePackList","hv","","net/minecraft/src","0"
"EnumSkyBlock","ds","","net/minecraft/src","0"
"ModelBed","iq","","net/minecraft/src","0"
"Packet17Sleep","jf","Packet","net/minecraft/src","0"
"ContainerWorkbench","ie","Container","net/minecraft/src","0"
"ItemRedstone","hp","Item","net/minecraft/src","0"
"GuiMultiplayer","ku","GuiScreen","net/minecraft/src","0"
"EntitySplashFX","ru","EntityRainFX","net/minecraft/src","0"
"J_ChainedFunctor","i","","net/minecraft/src","0"
"ModelGhast","ks","ModelBase","net/minecraft/src","0"
"TileEntitySpecialRenderer","il","","net/minecraft/src","0"
"EntityHeartFX","ji","EntityFX","net/minecraft/src","0"
"EntityZombie","ts","EntityMob","net/minecraft/src","0"
"BiomeGenDesert","fj","BiomeGenBase","net/minecraft/src","0"
"EntityPlayerSP","cu","EntityPlayer","net/minecraft/src","0"
"SoundPoolEntry","bb","","net/minecraft/src","0"
"J_JsonNode","gj","","net/minecraft/src","0"
"ItemSnowball","de","Item","net/minecraft/src","0"
"J_JsonNodeBuilders","sa","","net/minecraft/src","0"
"TileEntityRenderer","kp","","net/minecraft/src","0"
"EntitySkeleton","fg","EntityMob","net/minecraft/src","0"
"GuiSlotStatsBlock","fp","GuiSlotStats","net/minecraft/src","0"
"GuiStats","dn","GuiScreen","net/minecraft/src","0"
"EntityChicken","vn","EntityAnimal","net/minecraft/src","0"
"Packet53BlockChange","sr","Packet","net/minecraft/src","0"
"Packet19EntityAction","so","Packet","net/minecraft/src","0"
"BlockSign","tf","BlockContainer","net/minecraft/src","0"
"J_JsonNodeBuilder","kf","","net/minecraft/src","0"
"EntityMob","go","EntityCreature","net/minecraft/src","0"
"OpenGlCapsChecker","cp","","net/minecraft/src","0"
"ContainerFurnace","bf","Container","net/minecraft/src","0"
"EntitySquid","wj","EntityWaterMob","net/minecraft/src","0"
"RenderHelper","t","","net/minecraft/src","0"
"WorldGenMinable","fb","WorldGenerator","net/minecraft/src","0"
"EntityExplodeFX","gn","EntityFX","net/minecraft/src","0"
"EnumJsonNodeTypeMappingHelper","kd","","net/minecraft/src","0"
"WorldGenLiquids","we","WorldGenerator","net/minecraft/src","0"
"ColorizerFoliage","io","","net/minecraft/src","0"
"BlockBreakable","iw","Block","net/minecraft/src","0"
"ChunkBlockMap","ub","","net/minecraft/src","0"
"EnumOS1","iu","","net/minecraft/src","0"
"Packet","jo","","net/minecraft/src","0"
"BlockGlowStone","lc","Block","net/minecraft/src","0"
"WorldGenBigTree","hs","WorldGenerator","net/minecraft/src","0"
"TextureCompassFX","ar","TextureFX","net/minecraft/src","0"
"BlockFlowing","np","BlockFluid","net/minecraft/src","0"
"StatBase","uk","","net/minecraft/src","0"
"Packet106Transaction","nn","Packet","net/minecraft/src","0"
"IChunkProvider","cf","","net/minecraft/src","0"
"J_JsonNodeSelectors","jg","","net/minecraft/src","0"
"BlockFarmland","ue","Block","net/minecraft/src","0"
"ItemSeeds","qj","Item","net/minecraft/src","0"
"BiomeGenBase","jj","","net/minecraft/src","0"
"J_JsonEscapedString","xj","","net/minecraft/src","0"
"SlotCrafting","xl","Slot","net/minecraft/src","0"
"StatsSyncher","cd","","net/minecraft/src","0"
"RenderMinecart","rx","Render","net/minecraft/src","0"
"J_PositionTrackingPushbackReader","kn","","net/minecraft/src","0"
"StepSound","cl","","net/minecraft/src","0"
"RenderItem","av","Render","net/minecraft/src","0"
"ModelSheep2","ma","ModelQuadruped","net/minecraft/src","0"
"StatCollector","dg","","net/minecraft/src","0"
"J_JsonFieldNodeSelector","pj","J_LeafFunctor","net/minecraft/src","0"
"MapGenCaves","rm","MapGenBase","net/minecraft/src","0"
"ModelZombie","dz","ModelBiped","net/minecraft/src","0"
"NibbleArray","vb","","net/minecraft/src","0"
"J_JsonArrayNodeBuilder","du","","net/minecraft/src","0"
"J_ThingWithPosition","ej","","net/minecraft/src","0"
"BlockWeb","qm","Block","net/minecraft/src","0"
"PlayerController","nf","","net/minecraft/src","0"
"J_JsonObject","jw","J_JsonRootNode","net/minecraft/src","0"
"SpawnListEntry","bd","","net/minecraft/src","0"
"Packet14BlockDig","jb","Packet","net/minecraft/src","0"
"Packet10Flying","hr","Packet","net/minecraft/src","0"
"EntityCreeper","fq","EntityMob","net/minecraft/src","0"
"Packet22Collect","da","Packet","net/minecraft/src","0"
"Packet29DestroyEntity","qt","Packet","net/minecraft/src","0"
"WorldGenLakes","db","WorldGenerator","net/minecraft/src","0"
"GuiInventory","ta","GuiContainer","net/minecraft/src","0"
"IMob","ev","","net/minecraft/src","0"
"Packet52MultiBlockChange","vl","Packet","net/minecraft/src","0"
"EnumOptions","hg","","net/minecraft/src","0"
"BlockLeavesBase","mv","Block","net/minecraft/src","0"
"GuiDownloadTerrain","fv","GuiScreen","net/minecraft/src","0"
"BlockOreStorage","k","Block","net/minecraft/src","0"
"Packet71Weather","eq","Packet","net/minecraft/src","0"
"ModelBoat","ep","ModelBase","net/minecraft/src","0"
"TileEntityMobSpawnerRenderer","ae","TileEntitySpecialRenderer","net/minecraft/src","0"
"J_JsonFalseNodeBuilder","su","","net/minecraft/src","0"
"TileEntity","nx","","net/minecraft/src","0"
"BlockChest","e","BlockContainer","net/minecraft/src","0"
"GuiSelectWorld","qp","GuiScreen","net/minecraft/src","0"
"RenderFish","om","Render","net/minecraft/src","0"
"MinecraftError","wn","","net/minecraft/src","0"
"WorldGenerator","oh","","net/minecraft/src","0"
"RenderSpider","xn","RenderLiving","net/minecraft/src","0"
"TextureWaterFlowFX","nl","TextureFX","net/minecraft/src","0"
"EntityWeatherEffect","xk","Entity","net/minecraft/src","0"
"ScaledResolution","pr","","net/minecraft/src","0"
"WorldGenHellLava","pd","WorldGenerator","net/minecraft/src","0"
"NoiseGenerator","cx","","net/minecraft/src","0"
"NBTTagEnd","kl","NBTBase","net/minecraft/src","0"
"ItemMinecart","qk","Item","net/minecraft/src","0"
"WorldGenTaiga2","vj","WorldGenerator","net/minecraft/src","0"
"RenderFireball","jr","Render","net/minecraft/src","0"
"EnumArt","ib","","net/minecraft/src","0"
"TextureWatchFX","jy","TextureFX","net/minecraft/src","0"
"CanvasCrashReport","vm","","net/minecraft/src","0"
"J_JsonObjectNodeSelector","pg","J_LeafFunctor","net/minecraft/src","0"
"BiomeGenSwamp","sb","BiomeGenBase","net/minecraft/src","0"
"MovingObjectPosition","ty","","net/minecraft/src","0"
"ChunkFolderPattern","ce","","net/minecraft/src","0"
"WorldProvider","vr","","net/minecraft/src","0"
"ItemDye","js","Item","net/minecraft/src","0"
"EntityTNTPrimed","pw","Entity","net/minecraft/src","0"
"ModelSquid","vf","ModelBase","net/minecraft/src","0"
"StatBasic","wt","StatBase","net/minecraft/src","0"
"GuiSlider","us","GuiButton","net/minecraft/src","0"
"BlockNetherrack","wy","Block","net/minecraft/src","0"
"ItemSword","pe","Item","net/minecraft/src","0"
"Frustrum","rn","","net/minecraft/src","0"
"BlockContainer","qu","Block","net/minecraft/src","0"
"ChatAllowedCharacters","fe","","net/minecraft/src","0"
"BlockDoor","ki","Block","net/minecraft/src","0"
"ModelMinecart","mu","ModelBase","net/minecraft/src","0"
"WorldGenTrees","wx","WorldGenerator","net/minecraft/src","0"
"InventoryBasic","pp","","net/minecraft/src","0"
"NBTTagShort","tg","NBTBase","net/minecraft/src","0"
"StepSoundStone","ai","StepSound","net/minecraft/src","0"
"RecipesArmor","x","","net/minecraft/src","0"
"Entity","rj","","net/minecraft/src","0"
"UnexpectedThrowable","lk","","net/minecraft/src","0"
"NBTTagString","vs","NBTBase","net/minecraft/src","0"
"ChunkProviderClient","tp","","net/minecraft/src","0"
"Packet38EntityStatus","im","Packet","net/minecraft/src","0"
"RenderGhast","or","RenderLiving","net/minecraft/src","0"
"WorldRenderer","dc","","net/minecraft/src","0"
"ChunkFilePattern","qr","","net/minecraft/src","0"
"BlockSponge","vw","Block","net/minecraft/src","0"
"SlotArmor","ow","Slot","net/minecraft/src","0"
"Block","to","","net/minecraft/src","0"
"BlockStone","ee","Block","net/minecraft/src","0"
"TexturedQuad","sv","","net/minecraft/src","0"
"SignModel","qf","","net/minecraft/src","0"
"Packet30Entity","td","Packet","net/minecraft/src","0"
"RenderPlayer","dk","RenderLiving","net/minecraft/src","0"
"ShapelessRecipes","sp","","net/minecraft/src","0"
"Vec3D","bm","","net/minecraft/src","0"
"WorldGenForest","j","WorldGenerator","net/minecraft/src","0"
"RenderBiped","u","RenderLiving","net/minecraft/src","0"
"NBTTagByte","pq","NBTBase","net/minecraft/src","0"
"EntityPig","va","EntityAnimal","net/minecraft/src","0"
"BlockSnowBlock","aa","Block","net/minecraft/src","0"
"IStatType","vc","","net/minecraft/src","0"
"TexturePortalFX","hf","TextureFX","net/minecraft/src","0"
"GLAllocation","ft","","net/minecraft/src","0"
"NBTBase","hu","","net/minecraft/src","0"
"Empty1","gl","","net/minecraft/src","0"
"BlockBookshelf","gq","Block","net/minecraft/src","0"
"RecipesIngots","sl","","net/minecraft/src","0"
"StatCrafting","ss","StatBase","net/minecraft/src","0"
"IBlockAccess","wf","","net/minecraft/src","0"
"IWorldAccess","on","","net/minecraft/src","0"
"MetadataChunkBlock","rp","","net/minecraft/src","0"
"NBTTagLong","ll","NBTBase","net/minecraft/src","0"
"RailLogic","uh","","net/minecraft/src","0"
"ModelSlime","ms","ModelBase","net/minecraft/src","0"
"GuiParticle","dm","Gui","net/minecraft/src","0"
"EntityLavaFX","ew","EntityFX","net/minecraft/src","0"
"StatTypeSimple","bj","","net/minecraft/src","0"
"ItemReed","kz","Item","net/minecraft/src","0"
"ContainerPlayer","y","Container","net/minecraft/src","0"
"ClippingHelper","dj","","net/minecraft/src","0"
"GuiAchievements","wc","GuiScreen","net/minecraft/src","0"
"MovementInput","tj","","net/minecraft/src","0"
"Packet7UseEntity","a","Packet","net/minecraft/src","0"
"EntityCow","bq","EntityAnimal","net/minecraft/src","0"
"TextureLavaFX","bz","TextureFX","net/minecraft/src","0"
"Packet130UpdateSign","te","Packet","net/minecraft/src","0"
"ContainerDispenser","re","Container","net/minecraft/src","0"
"GuiMainMenu","fh","GuiScreen","net/minecraft/src","0"
"J_JsonArrayNodeSelector","jl","J_LeafFunctor","net/minecraft/src","0"
"J_JsonNullNodeBuilder","sy","","net/minecraft/src","0"
"BlockSand","fz","Block","net/minecraft/src","0"
"GuiScreen","cs","Gui","net/minecraft/src","0"
"PlayerControllerMP","wa","PlayerController","net/minecraft/src","0"
"WorldBlockPositionType","si","","net/minecraft/src","0"
"J_JsonElementNodeSelector","ph","J_LeafFunctor","net/minecraft/src","0"
"ItemPickaxe","aq","ItemTool","net/minecraft/src","0"
"GuiWorldSlot","lj","GuiSlot","net/minecraft/src","0"
"ItemSapling","lw","ItemBlock","net/minecraft/src","0"
"ThreadRunIsoClient","st","","net/minecraft/src","0"
"WorldInfo","dy","","net/minecraft/src","0"
"Packet27Position","pm","Packet","net/minecraft/src","0"
"WatchableObject","le","","net/minecraft/src","0"
"RedstoneUpdateInfo","wk","","net/minecraft/src","0"
"Packet0KeepAlive","ld","Packet","net/minecraft/src","0"
"ThreadDownloadResources","cr","","net/minecraft/src","0"
"RecipesCrafting","je","","net/minecraft/src","0"
"IProgressUpdate","wr","","net/minecraft/src","0"
"MusInputStream","mt","","net/minecraft/src","0"
"ItemFood","xm","Item","net/minecraft/src","0"
"EnumOS2","oe","","net/minecraft/src","0"
"ThreadDownloadImageData","ea","","net/minecraft/src","0"
"MouseFilter","cm","","net/minecraft/src","0"
"J_JsonStringNodeSelector","jq","J_LeafFunctor","net/minecraft/src","0"
"Packet4UpdateTime","gu","Packet","net/minecraft/src","0"
"Gui","sx","","net/minecraft/src","0"
"J_JsonNodeDoesNotMatchChainedJsonNodeSelectorException","me","J_JsonNodeDoesNotMatchJsonNodeSelectorException","net/minecraft/src","0"
"WorldGenFire","wi","WorldGenerator","net/minecraft/src","0"
"RecipesDyes","mk","","net/minecraft/src","0"
"ClippingHelperImpl","v","ClippingHelper","net/minecraft/src","0"
"ImageBuffer","mj","","net/minecraft/src","0"
"RenderArrow","lg","Render","net/minecraft/src","0"
"BlockPressurePlate","bo","Block","net/minecraft/src","0"
"J_NodeContainer","ov","","net/minecraft/src","0"
"NetworkMasterThread","vx","","net/minecraft/src","0"
"Packet23VehicleSpawn","rk","Packet","net/minecraft/src","0"
"BlockGrass","vh","Block","net/minecraft/src","0"
"BlockFurnace","ry","BlockContainer","net/minecraft/src","0"
"ChunkProviderHell","po","","net/minecraft/src","0"
"WorldClient","lq","World","net/minecraft/src","0"
"EntityPlayer","gh","EntityLiving","net/minecraft/src","0"
"EntityOtherPlayerMP","wp","EntityPlayer","net/minecraft/src","0"
"SoundManager","xe","","net/minecraft/src","0"
"ChunkCoordIntPair","xo","","net/minecraft/src","0"
"EntityFireball","by","Entity","net/minecraft/src","0"
"EntityEgg","uo","Entity","net/minecraft/src","0"
"RenderSorter","lh","","net/minecraft/src","0"
"ModelCreeper","hw","ModelBase","net/minecraft/src","0"
"ItemStack","ii","","net/minecraft/src","0"
"ItemSign","tv","Item","net/minecraft/src","0"
"NBTTagInt","oq","NBTBase","net/minecraft/src","0"
"EntityMinecart","xb","Entity","net/minecraft/src","0"
"TerrainTextureManager","ti","","net/minecraft/src","0"
"WorldGenPumpkin","vo","WorldGenerator","net/minecraft/src","0"
"StatFileWriter","vy","","net/minecraft/src","0"
"MinecraftException","tn","","net/minecraft/src","0"
"J_JsonFormatter","ln","","net/minecraft/src","0"
"Packet13PlayerLookMove","el","Packet10Flying","net/minecraft/src","0"
"DataWatcher","sz","","net/minecraft/src","0"
"BlockDispenser","wg","BlockContainer","net/minecraft/src","0"
"Packet2Handshake","lt","Packet","net/minecraft/src","0"
"EntityLiving","kw","Entity","net/minecraft/src","0"
"BlockClay","qw","Block","net/minecraft/src","0"
"ICrafting","dt","","net/minecraft/src","0"
"RenderFallingSand","gc","Render","net/minecraft/src","0"
"Packet12PlayerLook","ua","Packet10Flying","net/minecraft/src","0"
"RenderLightningBolt","oj","Render","net/minecraft/src","0"
"EntityFlameFX","pu","EntityFX","net/minecraft/src","0"
"EntityWolf","fx","EntityAnimal","net/minecraft/src","0"
"J_JsonNumberNodeBuilder","ng","","net/minecraft/src","0"
"EnumToolMaterial","bn","","net/minecraft/src","0"
"TexturePackCustom","ui","TexturePackBase","net/minecraft/src","0"
"SaveHandler","fc","","net/minecraft/src","0"
"GuiSlot","kk","","net/minecraft/src","0"
"GuiConnecting","uq","GuiScreen","net/minecraft/src","0"
"BlockSapling","gs","BlockFlower","net/minecraft/src","0"
"SoundPool","he","","net/minecraft/src","0"
"ItemCoal","qv","Item","net/minecraft/src","0"
"ItemBucket","aw","Item","net/minecraft/src","0"
"BlockFence","jc","Block","net/minecraft/src","0"
"Packet40EntityMetadata","tr","Packet","net/minecraft/src","0"
"StringTranslate","ml","","net/minecraft/src","0"
"FontRenderer","rf","","net/minecraft/src","0"
"J_LeafFunctor","au","","net/minecraft/src","0"
"ItemBed","kt","Item","net/minecraft/src","0"
"EntityList","ik","","net/minecraft/src","0"
"BlockCloth","dv","Block","net/minecraft/src","0"
"ChunkCoordinates","bk","","net/minecraft/src","0"
"TexturePackBase","h","","net/minecraft/src","0"
"InventoryCraftResult","vd","","net/minecraft/src","0"
"BlockSnow","ix","Block","net/minecraft/src","0"
"TextureLavaFlowFX","hq","TextureFX","net/minecraft/src","0"
"ItemPainting","xc","Item","net/minecraft/src","0"
"EnumMovingObjectType","in","","net/minecraft/src","0"
"J_JsonObjectNodeBuilder","rt","","net/minecraft/src","0"
"GuiChat","fr","GuiScreen","net/minecraft/src","0"
"ItemCloth","bc","ItemBlock","net/minecraft/src","0"
"IRecipe","dl","","net/minecraft/src","0"
"BlockObsidian","er","BlockStone","net/minecraft/src","0"
"ISaveHandler","vk","","net/minecraft/src","0"
"WorldGenReed","ic","WorldGenerator","net/minecraft/src","0"
"IInventory","la","","net/minecraft/src","0"
"Packet102WindowClick","ps","Packet","net/minecraft/src","0"
"WorldChunkManager","wl","","net/minecraft/src","0"
"Packet20NamedEntitySpawn","lm","Packet","net/minecraft/src","0"
"Session","gg","","net/minecraft/src","0"
"ModelBiped","ex","ModelBase","net/minecraft/src","0"
"Item","gb","","net/minecraft/src","0"
"EntityBoat","fo","Entity","net/minecraft/src","0"
"J_ObjectNodeContainer","mc","","net/minecraft/src","0"
"SlotFurnace","uj","Slot","net/minecraft/src","0"
"NoiseGeneratorOctaves2","tc","NoiseGenerator","net/minecraft/src","0"
"RenderLiving","gk","Render","net/minecraft/src","0"
"GuiContainer","ho","GuiScreen","net/minecraft/src","0"
"BlockLadder","dh","Block","net/minecraft/src","0"
"StepSoundSand","ag","StepSound","net/minecraft/src","0"
"BlockFluid","qo","Block","net/minecraft/src","0"
"BlockCactus","nt","Block","net/minecraft/src","0"
"J_JsonNodeFactories","no","","net/minecraft/src","0"
"Timer","oz","","net/minecraft/src","0"
"J_JsonListenerToJdomAdapter","kx","","net/minecraft/src","0"
"SorterStatsBlock","os","","net/minecraft/src","0"
"BlockSandStone","qd","Block","net/minecraft/src","0"
"GuiTexturePackSlot","cw","GuiSlot","net/minecraft/src","0"
"ChunkProviderGenerate","wv","","net/minecraft/src","0"
"BlockWorkbench","ey","Block","net/minecraft/src","0"
"Packet70Bed","bt","Packet","net/minecraft/src","0"
"OsMap","sq","","net/minecraft/src","0"
"BlockCake","th","Block","net/minecraft/src","0"
"GuiChest","hc","GuiContainer","net/minecraft/src","0"
"CodecMus","hz","","net/minecraft/src","0"
"Particle","ka","","net/minecraft/src","0"
"Packet18Animation","mq","Packet","net/minecraft/src","0"
"J_JsonNumberNode","ij","J_JsonNode","net/minecraft/src","0"
"RecipesWeapons","vt","","net/minecraft/src","0"
"GuiSlotStats","if","GuiSlot","net/minecraft/src","0"
"EntitySmokeFX","wd","EntityFX","net/minecraft/src","0"
"ItemRenderer","qa","","net/minecraft/src","0"
"GuiCrafting","nr","GuiContainer","net/minecraft/src","0"
"MovementInputFromOptions","kv","MovementInput","net/minecraft/src","0"
"Path","kj","","net/minecraft/src","0"
"Packet1Login","nd","Packet","net/minecraft/src","0"
"InventoryCrafting","lu","","net/minecraft/src","0"
"Packet100OpenWindow","ig","Packet","net/minecraft/src","0"
"J_JsonConstants","ug","J_JsonNode","net/minecraft/src","0"
"J_JsonTrueNodeBuilder","sw","","net/minecraft/src","0"
"NBTTagList","rl","NBTBase","net/minecraft/src","0"
"ModelRenderer","ot","","net/minecraft/src","0"
"ItemDoor","hh","Item","net/minecraft/src","0"
"BlockMobSpawner","cv","BlockContainer","net/minecraft/src","0"
"ItemFlintAndSteel","wu","Item","net/minecraft/src","0"
"BlockStep","xi","Block","net/minecraft/src","0"
"Packet51MapChunk","dw","Packet","net/minecraft/src","0"
"J_JsonListener","uz","","net/minecraft/src","0"
"GuiOptions","ch","GuiScreen","net/minecraft/src","0"
"EntityReddustFX","hx","EntityFX","net/minecraft/src","0"
"EntityPigZombie","wq","EntityZombie","net/minecraft/src","0"
"BlockReed","qh","Block","net/minecraft/src","0"
"ModelPig","dx","ModelQuadruped","net/minecraft/src","0"
"Packet25EntityPainting","um","Packet","net/minecraft/src","0"
"EnumStatus","co","","net/minecraft/src","0"
"Packet6SpawnPosition","qc","Packet","net/minecraft/src","0"
"TileEntityMobSpawner","cq","TileEntity","net/minecraft/src","0"
"EntitySnowShovelFX","ly","EntityFX","net/minecraft/src","0"
"RenderGlobal","m","","net/minecraft/src","0"
"ItemBoat","tw","Item","net/minecraft/src","0"
"FurnaceRecipes","eo","","net/minecraft/src","0"
"NBTTagFloat","o","NBTBase","net/minecraft/src","0"
"NBTTagCompound","my","NBTBase","net/minecraft/src","0"
"ModelBase","jt","","net/minecraft/src","0"
"Packet31RelEntityMove","rr","Packet30Entity","net/minecraft/src","0"
"EnumOSMappingHelper","jp","","net/minecraft/src","0"
"EnumMobType","qs","","net/minecraft/src","0"
"BlockLeaves","be","BlockLeavesBase","net/minecraft/src","0"
"EntityRainFX","vu","EntityFX","net/minecraft/src","0"
"GuiTexturePacks","fi","GuiScreen","net/minecraft/src","0"
"MinecraftAppletImpl","p","Minecraft","net/minecraft/src","0"
"BlockStationary","nb","BlockFluid","net/minecraft/src","0"
"EntityCreature","ht","EntityLiving","net/minecraft/src","0"
"NetworkManager","og","","net/minecraft/src","0"
"J_InvalidSyntaxException","vv","","net/minecraft/src","0"
"BlockLockedChest","jx","Block","net/minecraft/src","0"
"Packet105UpdateProgressbar","mb","Packet","net/minecraft/src","0"
"Packet101CloseWindow","ls","Packet","net/minecraft/src","0"
"GuiCreateWorld","ez","GuiScreen","net/minecraft/src","0"
"J_JsonNodeList","w","","net/minecraft/src","0"
"GuiIngame","tl","Gui","net/minecraft/src","0"
"TextureFlamesFX","ra","TextureFX","net/minecraft/src","0"
"J_SajParser","ak","","net/minecraft/src","0"
"RecipesFood","nh","","net/minecraft/src","0"
"BlockBed","tx","Block","net/minecraft/src","0"
"EntityFish","lb","Entity","net/minecraft/src","0"
"Empty2","hn","","net/minecraft/src","0"
"BiomeGenRainforest","wz","BiomeGenBase","net/minecraft/src","0"
"RenderBlocks","cn","","net/minecraft/src","0"
"J_JsonNodeDoesNotMatchPathElementsException","al","J_JsonNodeDoesNotMatchJsonNodeSelectorException","net/minecraft/src","0"
"PlayerControllerSP","nu","PlayerController","net/minecraft/src","0"
"MCHashEntry","ve","","net/minecraft/src","0"
"J_ArrayNodeContainer","md","","net/minecraft/src","0"
"MaterialLiquid","rd","Material","net/minecraft/src","0"
"CompressedStreamTools","ao","","net/minecraft/src","0"
"ChunkProviderLoadOrGenerate","kb","","net/minecraft/src","0"
"Packet103SetSlot","hd","Packet","net/minecraft/src","0"
"GuiFurnace","nw","GuiContainer","net/minecraft/src","0"
"SaveHandlerMP","vp","","net/minecraft/src","0"
"RenderList","sc","","net/minecraft/src","0"
"ModelSpider","qz","ModelBase","net/minecraft/src","0"
"EntityLightningBolt","c","EntityWeatherEffect","net/minecraft/src","0"
"EntityPainting","pv","Entity","net/minecraft/src","0"
"ModelSkeleton","kg","ModelZombie","net/minecraft/src","0"
"Render","bp","","net/minecraft/src","0"
"BlockOre","lx","Block","net/minecraft/src","0"
"BlockTNT","af","Block","net/minecraft/src","0"
"GuiVideoSettings","mn","GuiScreen","net/minecraft/src","0"
"EntityGhast","bi","EntityFlying","net/minecraft/src","0"
"CanvasMinecraftApplet","q","","net/minecraft/src","0"
"PathEntity","cz","","net/minecraft/src","0"
"IStatStringFormat","gi","","net/minecraft/src","0"
"IChunkLoader","az","","net/minecraft/src","0"
"WorldGenDungeons","eh","WorldGenerator","net/minecraft/src","0"
"GuiControls","tk","GuiScreen","net/minecraft/src","0"
"BlockGlass","fa","BlockBreakable","net/minecraft/src","0"
"NetHandler","se","","net/minecraft/src","0"
"BlockButton","nm","Block","net/minecraft/src","0"
"EntitySlimeFX","oc","EntityFX","net/minecraft/src","0"
"BlockRedstoneOre","bl","Block","net/minecraft/src","0"
"EntityRenderer","oy","","net/minecraft/src","0"
"Packet8UpdateHealth","ek","Packet","net/minecraft/src","0"
"EntitySheep","dd","EntityAnimal","net/minecraft/src","0"
"SorterStatsItem","fu","","net/minecraft/src","0"
"GuiDispenser","gf","GuiContainer","net/minecraft/src","0"
"GuiTextField","qn","Gui","net/minecraft/src","0"
"J_JsonFieldBuilder","oo","","net/minecraft/src","0"
"EntityFlying","vi","EntityLiving","net/minecraft/src","0"
"World","et","","net/minecraft/src","0"
"RenderSheep","wo","RenderLiving","net/minecraft/src","0"
"InventoryLargeChest","nk","","net/minecraft/src","0"
"ItemTool","di","Item","net/minecraft/src","0"
"MCHash","jd","","net/minecraft/src","0"
"AxisAlignedBB","eg","","net/minecraft/src","0"
"Explosion","px","","net/minecraft/src","0"
"BlockLever","wh","Block","net/minecraft/src","0"
"RegionFileChunkBuffer","hk","","net/minecraft/src","0"
"SaveFormatOld","sm","","net/minecraft/src","0"
"ImageBufferDownload","qq","","net/minecraft/src","0"
"KeyBinding","pc","","net/minecraft/src","0"
"EnumOptionsMappingHelper","ff","","net/minecraft/src","0"
"EnumCreatureType","ko","","net/minecraft/src","0"
"BlockMushroom","sh","BlockFlower","net/minecraft/src","0"
"ItemCookie","pl","ItemFood","net/minecraft/src","0"
"GuiRenameWorld","ir","GuiScreen","net/minecraft/src","0"
"RecipeSorter","kc","","net/minecraft/src","0"
"GuiEditSign","ws","GuiScreen","net/minecraft/src","0"
"ModelCow","gv","ModelQuadruped","net/minecraft/src","0"
"NetworkReaderThread","vz","","net/minecraft/src","0"
"BiomeGenTaiga","g","BiomeGenBase","net/minecraft/src","0"
"BlockDetectorRail","oi","BlockRail","net/minecraft/src","0"
"NextTickListEntry","py","","net/minecraft/src","0"
"ItemBlock","cc","Item","net/minecraft/src","0"
"ItemBow","pz","Item","net/minecraft/src","0"
"EntityAnimal","ba","EntityCreature","net/minecraft/src","0"
"BlockPumpkin","es","Block","net/minecraft/src","0"
"ChatLine","rs","","net/minecraft/src","0"
"StatList","is","","net/minecraft/src","0"
"PlayerControllerTest","ok","PlayerController","net/minecraft/src","0"
"Packet200Statistic","nj","Packet","net/minecraft/src","0"
"Material","kr","","net/minecraft/src","0"
"EntityItem","gz","Entity","net/minecraft/src","0"
"EntityClientPlayerMP","sg","EntityPlayerSP","net/minecraft/src","0"
"J_JsonStringNodeBuilder","f","","net/minecraft/src","0"
"RegionFile","pk","","net/minecraft/src","0"
"Packet24MobSpawn","it","Packet","net/minecraft/src","0"
"TextureWaterFX","ul","TextureFX","net/minecraft/src","0"
"EntityDiggingFX","pn","EntityFX","net/minecraft/src","0"
"EntityPickupFX","ec","EntityFX","net/minecraft/src","0"
"BlockRedstoneTorch","ct","BlockTorch","net/minecraft/src","0"
"ICamera","xd","","net/minecraft/src","0"
"ModelQuadruped","mr","ModelBase","net/minecraft/src","0"
"Packet15Place","gm","Packet","net/minecraft/src","0"
"EntityWaterMob","an","EntityCreature","net/minecraft/src","0"
"IsoImageBuffer","qe","","net/minecraft/src","0"
"NBTTagDouble","rv","NBTBase","net/minecraft/src","0"
"RenderEntity","lf","Render","net/minecraft/src","0"
"MaterialTransparent","ky","Material","net/minecraft/src","0"
"TileEntitySignRenderer","op","TileEntitySpecialRenderer","net/minecraft/src","0"
"EntityBubbleFX","cj","EntityFX","net/minecraft/src","0"
"RenderWolf","ux","RenderLiving","net/minecraft/src","0"
"RenderPig","li","RenderLiving","net/minecraft/src","0"
"J_JsonNodeDoesNotMatchJsonNodeSelectorException","ab","","net/minecraft/src","0"
"ThreadStatSyncherReceive","ud","","net/minecraft/src","0"
"RegionFileCache","qi","","net/minecraft/src","0"
"BlockFire","xg","Block","net/minecraft/src","0"
"LoadingScreenRenderer","lo","","net/minecraft/src","0"
"ItemSoup","bs","ItemFood","net/minecraft/src","0"
"BlockIce","mo","BlockBreakable","net/minecraft/src","0"
"EntitySorter","iv","","net/minecraft/src","0"
"EmptyChunk","km","Chunk","net/minecraft/src","0"
"RenderSquid","ei","RenderLiving","net/minecraft/src","0"
"GuiSmallButton","z","GuiButton","net/minecraft/src","0"
"Achievement","nc","StatBase","net/minecraft/src","0"
"ModelWolf","n","ModelBase","net/minecraft/src","0"
"ItemRecord","sn","Item","net/minecraft/src","0"
"J_CompactJsonFormatter","eb","","net/minecraft/src","0"
"BlockRail","od","Block","net/minecraft/src","0"
"ThreadConnectToServer","vq","","net/minecraft/src","0"
"EffectRenderer","df","","net/minecraft/src","0"
"EntitySlime","tq","EntityLiving","net/minecraft/src","0"
"Packet21PickupSpawn","mh","Packet","net/minecraft/src","0"
"BlockRedstoneWire","ri","Block","net/minecraft/src","0"
"WorldChunkManagerHell","gr","WorldChunkManager","net/minecraft/src","0"
"Packet3Chat","of","Packet","net/minecraft/src","0"
"EntityFallingSand","ja","Entity","net/minecraft/src","0"
"ItemLog","gd","ItemBlock","net/minecraft/src","0"
"CraftingManager","gy","","net/minecraft/src","0"
"ISaveFormat","mp","","net/minecraft/src","0"
"EntityNoteFX","ac","EntityFX","net/minecraft/src","0"
"MD5String","gt","","net/minecraft/src","0"
"J_JdomParser","hj","","net/minecraft/src","0"
"BlockGravel","mi","BlockSand","net/minecraft/src","0"
"Packet54PlayNoteBlock","up","Packet","net/minecraft/src","0"
"Chunk","kq","","net/minecraft/src","0"
"J_JsonObjectNodeList","nz","","net/minecraft/src","0"
"ThreadDownloadImage","sf","","net/minecraft/src","0"
"ModelChicken","rz","ModelBase","net/minecraft/src","0"
"Packet60Explosion","ql","Packet","net/minecraft/src","0"
"BlockJukeBox","fd","Block","net/minecraft/src","0"
"Teleporter","tm","","net/minecraft/src","0"
"PacketCounter","mz","","net/minecraft/src","0"
"ChunkPosition","uy","","net/minecraft/src","0"
"ItemAxe","rw","ItemTool","net/minecraft/src","0"
"ChunkLoader","sk","","net/minecraft/src","0"
"ItemEgg","lr","Item","net/minecraft/src","0"
"WorldGenTaiga1","ox","WorldGenerator","net/minecraft/src","0"
"EntitySnowball","br","Entity","net/minecraft/src","0"
"ItemFishingRod","ck","Item","net/minecraft/src","0"
"TileEntityFurnace","rg","TileEntity","net/minecraft/src","0"
"PathPoint","d","","net/minecraft/src","0"
"EntityFootStepFX","ga","EntityFX","net/minecraft/src","0"
"BlockCrops","mm","BlockFlower","net/minecraft/src","0"
"EntityGiantZombie","mx","EntityMob","net/minecraft/src","0"
"Packet39AttachEntity","mw","Packet","net/minecraft/src","0"
"ChunkCache","em","","net/minecraft/src","0"
"ContainerChest","bw","Container","net/minecraft/src","0"
"StatStringFormatKeyInv","jn","","net/minecraft/src","0"
"GuiYesNo","pt","GuiScreen","net/minecraft/src","0"
"ItemArmor","ut","Item","net/minecraft/src","0"
"Packet11PlayerPosition","ad","Packet10Flying","net/minecraft/src","0"
"NBTTagByteArray","ha","NBTBase","net/minecraft/src","0"
"Packet255KickDisconnect","xh","Packet","net/minecraft/src","0"
"Packet32EntityLook","qy","Packet30Entity","net/minecraft/src","0"
"EnumJsonNodeType","ap","","net/minecraft/src","0"
"TileEntityDispenser","at","TileEntity","net/minecraft/src","0"
"BlockRedstoneRepeater","vg","Block","net/minecraft/src","0"
"NoiseGeneratorOctaves","tb","NoiseGenerator","net/minecraft/src","0"
"Packet28EntityVelocity","fy","Packet","net/minecraft/src","0"
"ThreadStatSyncherSend","uc","","net/minecraft/src","0"
"GuiIngameMenu","oa","GuiScreen","net/minecraft/src","0"
"J_JsonArray","ni","J_JsonRootNode","net/minecraft/src","0"
"Packet33RelEntityMoveLook","pa","Packet30Entity","net/minecraft/src","0"
"ItemSlab","ed","ItemBlock","net/minecraft/src","0"
"WorldGenGlowStone1","fs","WorldGenerator","net/minecraft/src","0"
"AchievementList","ef","","net/minecraft/src","0"
"Slot","ge","","net/minecraft/src","0"
"Packet5PlayerInventory","r","Packet","net/minecraft/src","0"
"ColorizerGrass","hl","","net/minecraft/src","0"
"NoiseGeneratorPerlin","aj","NoiseGenerator","net/minecraft/src","0"
"J_JsonRootNode","pf","J_JsonNode","net/minecraft/src","0"
"J_Functor","xf","","net/minecraft/src","0"
"GuiConflictWarning","pi","GuiScreen","net/minecraft/src","0"
"ModelSheep1","dr","ModelQuadruped","net/minecraft/src","0"
"Minecraft","Minecraft","","net/minecraft/client","0"
"MinecraftApplet","MinecraftApplet","","net/minecraft/client","0"
"Pathfinder","dp","","net/minecraft/src","1"
"TileEntitySign","ol","TileEntity","net/minecraft/src","1"
"NetworkWriterThread","nu","","net/minecraft/src","1"
"ItemSaddle","ki","Item","net/minecraft/src","1"
"SpawnerAnimals","bi","","net/minecraft/src","1"
"TileEntityChest","ft","TileEntity","net/minecraft/src","1"
"BlockFlower","mu","Block","net/minecraft/src","1"
"AchievementMap","b","","net/minecraft/src","1"
"MapGenCavesHell","iu","MapGenBase","net/minecraft/src","1"
"ShapedRecipes","fg","","net/minecraft/src","1"
"EntitySpider","bh","EntityMob","net/minecraft/src","1"
"ChunkFile","cf","","net/minecraft/src","1"
"ThreadServerApplication","bj","","net/minecraft/src","1"
"BlockStairs","kv","Block","net/minecraft/src","1"
"Packet104WindowItems","ga","Packet","net/minecraft/src","1"
"BlockLog","mh","Block","net/minecraft/src","1"
"TileEntityNote","lg","TileEntity","net/minecraft/src","1"
"Container","ce","","net/minecraft/src","1"
"BiomeGenForest","jp","BiomeGenBase","net/minecraft/src","1"
"WorldGenClay","hk","WorldGenerator","net/minecraft/src","1"
"RecipesTools","ef","","net/minecraft/src","1"
"InventoryPlayer","fj","","net/minecraft/src","1"
"McRegionChunkLoader","gk","","net/minecraft/src","1"
"MapGenBase","do","","net/minecraft/src","1"
"NoiseGenerator2","bc","","net/minecraft/src","1"
"ItemSpade","mv","ItemTool","net/minecraft/src","1"
"WorldGenCactus","dq","WorldGenerator","net/minecraft/src","1"
"StatTypeTime","ap","","net/minecraft/src","1"
"ItemHoe","gi","Item","net/minecraft/src","1"
"BlockTorch","mm","Block","net/minecraft/src","1"
"BlockSoulSand","ie","Block","net/minecraft/src","1"
"Packet34EntityTeleport","js","Packet","net/minecraft/src","1"
"WorldProviderHell","mw","WorldProvider","net/minecraft/src","1"
"SaveOldDir","hn","PlayerNBTManager","net/minecraft/src","1"
"Packet9Respawn","io","Packet","net/minecraft/src","1"
"WorldGenGlowStone2","kl","WorldGenerator","net/minecraft/src","1"
"BiomeGenHell","l","BiomeGenBase","net/minecraft/src","1"
"EntityArrow","kq","Entity","net/minecraft/src","1"
"WorldGenFlowers","ah","WorldGenerator","net/minecraft/src","1"
"Packet50PreChunk","kk","Packet","net/minecraft/src","1"
"MaterialLogic","aa","Material","net/minecraft/src","1"
"PlayerManager","nj","","net/minecraft/src","1"
"SaveConverterMcRegion","el","SaveFormatOld","net/minecraft/src","1"
"BlockPortal","y","BlockBreakable","net/minecraft/src","1"
"MathHelper","fd","","net/minecraft/src","1"
"BlockDirt","im","Block","net/minecraft/src","1"
"BlockNote","ix","BlockContainer","net/minecraft/src","1"
"ServerGuiCommandListener","q","","net/minecraft/src","1"
"StatTypeDistance","an","","net/minecraft/src","1"
"Packet16BlockItemSwitch","eq","Packet","net/minecraft/src","1"
"ThreadSleepForever","bm","","net/minecraft/src","1"
"ThreadMonitorConnection","ns","","net/minecraft/src","1"
"EnumSkyBlock","cg","","net/minecraft/src","1"
"ModelBed","fo","","net/minecraft/src","1"
"Packet17Sleep","fz","Packet","net/minecraft/src","1"
"ContainerWorkbench","fh","Container","net/minecraft/src","1"
"ItemRedstone","ex","Item","net/minecraft/src","1"
"EntityZombie","mb","EntityMob","net/minecraft/src","1"
"BiomeGenDesert","dm","BiomeGenBase","net/minecraft/src","1"
"ItemSnowball","by","Item","net/minecraft/src","1"
"EntitySkeleton","dl","EntityMob","net/minecraft/src","1"
"EntityChicken","nk","EntityAnimal","net/minecraft/src","1"
"Packet53BlockChange","lo","Packet","net/minecraft/src","1"
"Packet19EntityAction","ll","Packet","net/minecraft/src","1"
"BlockSign","lu","BlockContainer","net/minecraft/src","1"
"EntityMob","ee","EntityCreature","net/minecraft/src","1"
"ContainerFurnace","ao","Container","net/minecraft/src","1"
"EntitySquid","ob","EntityWaterMob","net/minecraft/src","1"
"WorldGenMinable","di","WorldGenerator","net/minecraft/src","1"
"WorldGenLiquids","ny","WorldGenerator","net/minecraft/src","1"
"PlayerNBTManager","dh","","net/minecraft/src","1"
"BlockBreakable","fr","Block","net/minecraft/src","1"
"ChunkBlockMap","mk","","net/minecraft/src","1"
"ServerCommand","ac","","net/minecraft/src","1"
"Packet","gc","","net/minecraft/src","1"
"BlockGlowStone","ha","Block","net/minecraft/src","1"
"WorldGenBigTree","fa","WorldGenerator","net/minecraft/src","1"
"IPlayerFileData","ey","","net/minecraft/src","1"
"ServerGUI","mc","","net/minecraft/src","1"
"BlockFlowing","ik","BlockFluid","net/minecraft/src","1"
"StatBase","mp","","net/minecraft/src","1"
"Packet106Transaction","ij","Packet","net/minecraft/src","1"
"IChunkProvider","bf","","net/minecraft/src","1"
"BlockFarmland","ml","Block","net/minecraft/src","1"
"ItemSeeds","jv","Item","net/minecraft/src","1"
"BiomeGenBase","gb","","net/minecraft/src","1"
"SlotCrafting","ou","Slot","net/minecraft/src","1"
"StepSound","bn","","net/minecraft/src","1"
"StatCollector","bz","","net/minecraft/src","1"
"MapGenCaves","ku","MapGenBase","net/minecraft/src","1"
"NibbleArray","mz","","net/minecraft/src","1"
"BlockWeb","jy","Block","net/minecraft/src","1"
"ICommandListener","lc","","net/minecraft/src","1"
"SpawnListEntry","al","","net/minecraft/src","1"
"Packet14BlockDig","fv","Packet","net/minecraft/src","1"
"Packet10Flying","ez","Packet","net/minecraft/src","1"
"EntityCreeper","ds","EntityMob","net/minecraft/src","1"
"Packet22Collect","bv","Packet","net/minecraft/src","1"
"Packet29DestroyEntity","kd","Packet","net/minecraft/src","1"
"WorldGenLakes","bw","WorldGenerator","net/minecraft/src","1"
"IMob","db","","net/minecraft/src","1"
"GuiStatsComponent","gh","","net/minecraft/src","1"
"Packet52MultiBlockChange","nl","Packet","net/minecraft/src","1"
"BlockLeavesBase","hw","Block","net/minecraft/src","1"
"BlockOreStorage","i","Block","net/minecraft/src","1"
"Packet71Weather","cw","Packet","net/minecraft/src","1"
"TileEntity","in","","net/minecraft/src","1"
"BlockChest","e","BlockContainer","net/minecraft/src","1"
"WorldGenerator","is","","net/minecraft/src","1"
"EntityWeatherEffect","ot","Entity","net/minecraft/src","1"
"WorldGenHellLava","jb","WorldGenerator","net/minecraft/src","1"
"NoiseGenerator","bt","","net/minecraft/src","1"
"NBTTagEnd","go","NBTBase","net/minecraft/src","1"
"ItemMinecart","jw","Item","net/minecraft/src","1"
"WorldGenTaiga2","nh","WorldGenerator","net/minecraft/src","1"
"EnumArt","fe","","net/minecraft/src","1"
"PlayerInstance","x","","net/minecraft/src","1"
"BiomeGenSwamp","lb","BiomeGenBase","net/minecraft/src","1"
"MovingObjectPosition","me","","net/minecraft/src","1"
"ChunkFolderPattern","bg","","net/minecraft/src","1"
"WorldProvider","nn","","net/minecraft/src","1"
"ItemDye","gd","Item","net/minecraft/src","1"
"EntityTNTPrimed","jl","Entity","net/minecraft/src","1"
"StatBasic","oh","StatBase","net/minecraft/src","1"
"BlockNetherrack","oi","Block","net/minecraft/src","1"
"ItemSword","jc","Item","net/minecraft/src","1"
"BlockContainer","ke","Block","net/minecraft/src","1"
"ChatAllowedCharacters","dk","","net/minecraft/src","1"
"BlockDoor","gl","Block","net/minecraft/src","1"
"WorldGenTrees","oj","WorldGenerator","net/minecraft/src","1"
"NBTTagShort","lv","NBTBase","net/minecraft/src","1"
"StepSoundStone","w","StepSound","net/minecraft/src","1"
"ThreadCommandReader","bl","","net/minecraft/src","1"
"RecipesArmor","m","","net/minecraft/src","1"
"Entity","kr","","net/minecraft/src","1"
"NBTTagString","no","NBTBase","net/minecraft/src","1"
"Packet38EntityStatus","fm","Packet","net/minecraft/src","1"
"PlayerHash","dn","","net/minecraft/src","1"
"ChunkFilePattern","ka","","net/minecraft/src","1"
"BlockSponge","nq","Block","net/minecraft/src","1"
"SlotArmor","iy","Slot","net/minecraft/src","1"
"Block","ly","","net/minecraft/src","1"
"BlockStone","cn","Block","net/minecraft/src","1"
"Packet30Entity","ls","Packet","net/minecraft/src","1"
"ShapelessRecipes","lm","","net/minecraft/src","1"
"Vec3D","au","","net/minecraft/src","1"
"WorldGenForest","g","WorldGenerator","net/minecraft/src","1"
"NBTTagByte","jh","NBTBase","net/minecraft/src","1"
"EntityPig","my","EntityAnimal","net/minecraft/src","1"
"ItemInWorldManager","op","","net/minecraft/src","1"
"BlockSnowBlock","o","Block","net/minecraft/src","1"
"IStatType","na","","net/minecraft/src","1"
"NBTBase","fb","","net/minecraft/src","1"
"ThreadLoginVerifier","cm","","net/minecraft/src","1"
"Empty1","ec","","net/minecraft/src","1"
"BlockBookshelf","eg","Block","net/minecraft/src","1"
"RecipesIngots","li","","net/minecraft/src","1"
"StatCrafting","ln","StatBase","net/minecraft/src","1"
"IBlockAccess","nx","","net/minecraft/src","1"
"IWorldAccess","iv","","net/minecraft/src","1"
"MetadataChunkBlock","kw","","net/minecraft/src","1"
"NBTTagLong","he","NBTBase","net/minecraft/src","1"
"RailLogic","mn","","net/minecraft/src","1"
"StatTypeSimple","ar","","net/minecraft/src","1"
"ItemReed","gw","Item","net/minecraft/src","1"
"ContainerPlayer","n","Container","net/minecraft/src","1"
"Packet7UseEntity","a","Packet","net/minecraft/src","1"
"EntityCow","ax","EntityAnimal","net/minecraft/src","1"
"Packet130UpdateSign","lt","Packet","net/minecraft/src","1"
"ContainerDispenser","kn","Container","net/minecraft/src","1"
"BlockSand","dx","Block","net/minecraft/src","1"
"GuiLogOutputHandler","cb","","net/minecraft/src","1"
"ItemPickaxe","ae","ItemTool","net/minecraft/src","1"
"ItemSapling","hj","ItemBlock","net/minecraft/src","1"
"WorldInfo","ck","","net/minecraft/src","1"
"Packet27Position","jf","Packet","net/minecraft/src","1"
"WatchableObject","hc","","net/minecraft/src","1"
"RedstoneUpdateInfo","oa","","net/minecraft/src","1"
"Packet0KeepAlive","hb","Packet","net/minecraft/src","1"
"IUpdatePlayerListBox","cx","","net/minecraft/src","1"
"RecipesCrafting","fy","","net/minecraft/src","1"
"IProgressUpdate","oe","","net/minecraft/src","1"
"ItemFood","os","Item","net/minecraft/src","1"
"Packet4UpdateTime","ek","Packet","net/minecraft/src","1"
"WorldGenFire","nz","WorldGenerator","net/minecraft/src","1"
"RecipesDyes","hq","","net/minecraft/src","1"
"BlockPressurePlate","aw","Block","net/minecraft/src","1"
"NetworkMasterThread","nr","","net/minecraft/src","1"
"Packet23VehicleSpawn","kt","Packet","net/minecraft/src","1"
"BlockGrass","nf","Block","net/minecraft/src","1"
"BlockFurnace","la","BlockContainer","net/minecraft/src","1"
"ChunkProviderHell","jg","","net/minecraft/src","1"
"EntityPlayer","eb","EntityLiving","net/minecraft/src","1"
"ChunkCoordIntPair","ov","","net/minecraft/src","1"
"EntityFireball","bd","Entity","net/minecraft/src","1"
"EntityEgg","mr","Entity","net/minecraft/src","1"
"ItemStack","fk","","net/minecraft/src","1"
"ItemSign","md","Item","net/minecraft/src","1"
"NBTTagInt","iw","NBTBase","net/minecraft/src","1"
"EntityMinecart","om","Entity","net/minecraft/src","1"
"WorldGenPumpkin","nm","WorldGenerator","net/minecraft/src","1"
"MinecraftException","lx","","net/minecraft/src","1"
"Packet13PlayerLookMove","ct","Packet10Flying","net/minecraft/src","1"
"DataWatcher","lp","","net/minecraft/src","1"
"BlockDispenser","nw","BlockContainer","net/minecraft/src","1"
"Packet2Handshake","hh","Packet","net/minecraft/src","1"
"NetServerHandler","gj","NetHandler","net/minecraft/src","1"
"EntityLiving","gu","Entity","net/minecraft/src","1"
"BlockClay","kh","Block","net/minecraft/src","1"
"ICrafting","ch","","net/minecraft/src","1"
"Packet12PlayerLook","mi","Packet10Flying","net/minecraft/src","1"
"EntityWolf","dw","EntityAnimal","net/minecraft/src","1"
"EnumToolMaterial","av","","net/minecraft/src","1"
"ConvertProgressUpdater","bk","","net/minecraft/src","1"
"BlockSapling","ei","BlockFlower","net/minecraft/src","1"
"ItemCoal","kf","Item","net/minecraft/src","1"
"ItemBucket","ag","Item","net/minecraft/src","1"
"BlockFence","fw","Block","net/minecraft/src","1"
"Packet40EntityMetadata","ma","Packet","net/minecraft/src","1"
"StringTranslate","hr","","net/minecraft/src","1"
"GuiStatsListener","gv","","net/minecraft/src","1"
"ItemBed","gt","Item","net/minecraft/src","1"
"EntityList","fl","","net/minecraft/src","1"
"BlockCloth","ci","Block","net/minecraft/src","1"
"ChunkCoordinates","aq","","net/minecraft/src","1"
"EntityTrackerEntry","es","","net/minecraft/src","1"
"InventoryCraftResult","nb","","net/minecraft/src","1"
"BlockSnow","fs","Block","net/minecraft/src","1"
"ConsoleLogManager","ej","","net/minecraft/src","1"
"ItemPainting","on","Item","net/minecraft/src","1"
"EnumMovingObjectType","fn","","net/minecraft/src","1"
"ItemCloth","ak","ItemBlock","net/minecraft/src","1"
"IRecipe","cd","","net/minecraft/src","1"
"BlockObsidian","cz","BlockStone","net/minecraft/src","1"
"ISaveHandler","ni","","net/minecraft/src","1"
"WorldGenReed","ff","WorldGenerator","net/minecraft/src","1"
"IInventory","gy","","net/minecraft/src","1"
"Packet102WindowClick","jj","Packet","net/minecraft/src","1"
"WorldChunkManager","oc","","net/minecraft/src","1"
"Packet20NamedEntitySpawn","hd","Packet","net/minecraft/src","1"
"Item","dy","","net/minecraft/src","1"
"EntityBoat","dr","Entity","net/minecraft/src","1"
"SlotFurnace","mo","Slot","net/minecraft/src","1"
"NoiseGeneratorOctaves2","lr","NoiseGenerator","net/minecraft/src","1"
"BlockLadder","ca","Block","net/minecraft/src","1"
"StepSoundSand","v","StepSound","net/minecraft/src","1"
"BlockFluid","jz","Block","net/minecraft/src","1"
"BlockCactus","il","Block","net/minecraft/src","1"
"BlockSandStone","jq","Block","net/minecraft/src","1"
"ChunkProviderGenerate","of","","net/minecraft/src","1"
"BlockWorkbench","de","Block","net/minecraft/src","1"
"Packet70Bed","ba","Packet","net/minecraft/src","1"
"BlockCake","lw","Block","net/minecraft/src","1"
"PlayerListBox","h","","net/minecraft/src","1"
"Packet18Animation","hv","Packet","net/minecraft/src","1"
"RecipesWeapons","np","","net/minecraft/src","1"
"Path","gm","","net/minecraft/src","1"
"Packet1Login","id","Packet","net/minecraft/src","1"
"InventoryCrafting","hi","","net/minecraft/src","1"
"Packet100OpenWindow","fi","Packet","net/minecraft/src","1"
"NBTTagList","ks","NBTBase","net/minecraft/src","1"
"ItemDoor","et","Item","net/minecraft/src","1"
"BlockMobSpawner","bs","BlockContainer","net/minecraft/src","1"
"ItemFlintAndSteel","og","Item","net/minecraft/src","1"
"BlockStep","or","Block","net/minecraft/src","1"
"Packet51MapChunk","cj","Packet","net/minecraft/src","1"
"EntityPigZombie","od","EntityZombie","net/minecraft/src","1"
"BlockReed","jt","Block","net/minecraft/src","1"
"Packet25EntityPainting","mq","Packet","net/minecraft/src","1"
"EnumStatus","bp","","net/minecraft/src","1"
"Packet6SpawnPosition","jr","Packet","net/minecraft/src","1"
"TileEntityMobSpawner","bq","TileEntity","net/minecraft/src","1"
"ItemBoat","mf","Item","net/minecraft/src","1"
"FurnaceRecipes","cv","","net/minecraft/src","1"
"NBTTagFloat","j","NBTBase","net/minecraft/src","1"
"NBTTagCompound","hz","NBTBase","net/minecraft/src","1"
"ServerWindowAdapter","p","","net/minecraft/src","1"
"Packet31RelEntityMove","kx","Packet30Entity","net/minecraft/src","1"
"EntityPlayerMP","dc","EntityPlayer","net/minecraft/src","1"
"EnumMobType","kc","","net/minecraft/src","1"
"BlockLeaves","am","BlockLeavesBase","net/minecraft/src","1"
"BlockStationary","ib","BlockFluid","net/minecraft/src","1"
"EntityCreature","fc","EntityLiving","net/minecraft/src","1"
"NetworkManager","ir","","net/minecraft/src","1"
"BlockLockedChest","ge","Block","net/minecraft/src","1"
"Packet105UpdateProgressbar","hm","Packet","net/minecraft/src","1"
"Packet101CloseWindow","hf","Packet","net/minecraft/src","1"
"RecipesFood","if","","net/minecraft/src","1"
"BlockBed","mg","Block","net/minecraft/src","1"
"EntityFish","gz","Entity","net/minecraft/src","1"
"Empty2","ew","","net/minecraft/src","1"
"BiomeGenRainforest","ok","BiomeGenBase","net/minecraft/src","1"
"MCHashEntry","nc","","net/minecraft/src","1"
"MaterialLiquid","km","Material","net/minecraft/src","1"
"CompressedStreamTools","ad","","net/minecraft/src","1"
"ConsoleCommandHandler","ld","","net/minecraft/src","1"
"ChunkProviderLoadOrGenerate","gf","","net/minecraft/src","1"
"WorldServer","dg","World","net/minecraft/src","1"
"Packet103SetSlot","er","Packet","net/minecraft/src","1"
"EntityLightningBolt","c","EntityWeatherEffect","net/minecraft/src","1"
"EntityPainting","jk","Entity","net/minecraft/src","1"
"BlockOre","hl","Block","net/minecraft/src","1"
"BlockTNT","s","Block","net/minecraft/src","1"
"EntityGhast","as","EntityFlying","net/minecraft/src","1"
"PathEntity","bu","","net/minecraft/src","1"
"IChunkLoader","ai","","net/minecraft/src","1"
"WorldGenDungeons","cr","WorldGenerator","net/minecraft/src","1"
"BlockGlass","df","BlockBreakable","net/minecraft/src","1"
"NetHandler","le","","net/minecraft/src","1"
"BlockButton","ii","Block","net/minecraft/src","1"
"BlockRedstoneOre","at","Block","net/minecraft/src","1"
"Packet8UpdateHealth","cs","Packet","net/minecraft/src","1"
"EntitySheep","bx","EntityAnimal","net/minecraft/src","1"
"EntityFlying","ng","EntityLiving","net/minecraft/src","1"
"World","da","","net/minecraft/src","1"
"InventoryLargeChest","ih","","net/minecraft/src","1"
"ItemTool","cc","Item","net/minecraft/src","1"
"MCHash","fx","","net/minecraft/src","1"
"AxisAlignedBB","cp","","net/minecraft/src","1"
"Explosion","jm","","net/minecraft/src","1"
"BlockLever","nv","Block","net/minecraft/src","1"
"RegionFileChunkBuffer","eu","","net/minecraft/src","1"
"SaveFormatOld","lj","","net/minecraft/src","1"
"EnumCreatureType","gq","","net/minecraft/src","1"
"BlockMushroom","lf","BlockFlower","net/minecraft/src","1"
"ItemCookie","je","ItemFood","net/minecraft/src","1"
"RecipeSorter","gg","","net/minecraft/src","1"
"WorldManager","dd","","net/minecraft/src","1"
"NetworkReaderThread","nt","","net/minecraft/src","1"
"BiomeGenTaiga","f","BiomeGenBase","net/minecraft/src","1"
"PropertyManager","kb","","net/minecraft/src","1"
"BlockDetectorRail","it","BlockRail","net/minecraft/src","1"
"NextTickListEntry","jn","","net/minecraft/src","1"
"ItemBlock","be","Item","net/minecraft/src","1"
"ItemBow","jo","Item","net/minecraft/src","1"
"EntityAnimal","aj","EntityCreature","net/minecraft/src","1"
"BlockPumpkin","cy","Block","net/minecraft/src","1"
"StatList","fq","","net/minecraft/src","1"
"Packet200Statistic","ig","Packet","net/minecraft/src","1"
"Material","gs","","net/minecraft/src","1"
"EntityItem","en","Entity","net/minecraft/src","1"
"RegionFile","jd","","net/minecraft/src","1"
"Packet24MobSpawn","fp","Packet","net/minecraft/src","1"
"BlockRedstoneTorch","br","BlockTorch","net/minecraft/src","1"
"Packet15Place","ed","Packet","net/minecraft/src","1"
"EntityWaterMob","ab","EntityCreature","net/minecraft/src","1"
"NBTTagDouble","ky","NBTBase","net/minecraft/src","1"
"MaterialTransparent","gx","Material","net/minecraft/src","1"
"RegionFileCache","ju","","net/minecraft/src","1"
"BlockFire","oo","Block","net/minecraft/src","1"
"ItemSoup","az","ItemFood","net/minecraft/src","1"
"BlockIce","ht","BlockBreakable","net/minecraft/src","1"
"ServerConfigurationManager","ep","","net/minecraft/src","1"
"EmptyChunk","gp","Chunk","net/minecraft/src","1"
"Achievement","ic","StatBase","net/minecraft/src","1"
"ItemRecord","lk","Item","net/minecraft/src","1"
"NetworkAcceptThread","kg","","net/minecraft/src","1"
"BlockRail","ip","Block","net/minecraft/src","1"
"ChunkProviderServer","gn","","net/minecraft/src","1"
"EntitySlime","lz","EntityLiving","net/minecraft/src","1"
"Packet21PickupSpawn","ho","Packet","net/minecraft/src","1"
"PlayerHashEntry","ji","","net/minecraft/src","1"
"BlockRedstoneWire","kp","Block","net/minecraft/src","1"
"WorldChunkManagerHell","eh","WorldChunkManager","net/minecraft/src","1"
"Packet3Chat","iq","Packet","net/minecraft/src","1"
"EntityFallingSand","fu","Entity","net/minecraft/src","1"
"ItemLog","dz","ItemBlock","net/minecraft/src","1"
"CraftingManager","em","","net/minecraft/src","1"
"NetworkListenThread","cl","","net/minecraft/src","1"
"ISaveFormat","hu","","net/minecraft/src","1"
"BlockGravel","hp","BlockSand","net/minecraft/src","1"
"Packet54PlayNoteBlock","ms","Packet","net/minecraft/src","1"
"Chunk","gr","","net/minecraft/src","1"
"Packet60Explosion","jx","Packet","net/minecraft/src","1"
"BlockJukeBox","dj","Block","net/minecraft/src","1"
"EntityTracker","mj","","net/minecraft/src","1"
"PacketCounter","ia","","net/minecraft/src","1"
"ChunkPosition","mx","","net/minecraft/src","1"
"ItemAxe","kz","ItemTool","net/minecraft/src","1"
"ChunkLoader","lh","","net/minecraft/src","1"
"ItemEgg","hg","Item","net/minecraft/src","1"
"WorldGenTaiga1","iz","WorldGenerator","net/minecraft/src","1"
"ConsoleLogFormatter","nd","","net/minecraft/src","1"
"EntitySnowball","ay","Entity","net/minecraft/src","1"
"ItemFishingRod","bo","Item","net/minecraft/src","1"
"TileEntityFurnace","ko","TileEntity","net/minecraft/src","1"
"PathPoint","d","","net/minecraft/src","1"
"BlockCrops","hs","BlockFlower","net/minecraft/src","1"
"EntityGiantZombie","hy","EntityMob","net/minecraft/src","1"
"Packet39AttachEntity","hx","Packet","net/minecraft/src","1"
"ChunkCache","cu","","net/minecraft/src","1"
"ContainerChest","bb","Container","net/minecraft/src","1"
"ItemArmor","mt","Item","net/minecraft/src","1"
"Packet11PlayerPosition","u","Packet10Flying","net/minecraft/src","1"
"NBTTagByteArray","eo","NBTBase","net/minecraft/src","1"
"IAnimals","t","","net/minecraft/src","1"
"NetLoginHandler","du","NetHandler","net/minecraft/src","1"
"GuiLogFormatter","ev","","net/minecraft/src","1"
"Packet255KickDisconnect","oq","Packet","net/minecraft/src","1"
"ServerGuiFocusAdapter","r","","net/minecraft/src","1"
"Packet32EntityLook","kj","Packet30Entity","net/minecraft/src","1"
"TileEntityDispenser","af","TileEntity","net/minecraft/src","1"
"BlockRedstoneRepeater","ne","Block","net/minecraft/src","1"
"NoiseGeneratorOctaves","lq","NoiseGenerator","net/minecraft/src","1"
"Packet28EntityVelocity","dv","Packet","net/minecraft/src","1"
"Packet33RelEntityMoveLook","ja","Packet30Entity","net/minecraft/src","1"
"ItemSlab","co","ItemBlock","net/minecraft/src","1"
"WorldGenGlowStone1","dt","WorldGenerator","net/minecraft/src","1"
"AchievementList","cq","","net/minecraft/src","1"
"Slot","ea","","net/minecraft/src","1"
"Packet5PlayerInventory","k","Packet","net/minecraft/src","1"
"NoiseGeneratorPerlin","z","NoiseGenerator","net/minecraft/src","1"
"MinecraftServer","MinecraftServer","","net/minecraft/server","1"
